xDrive28i,Sensatec Oyster
xDrive28i,Black
xDrive28i,Black SensaTec
xDrive28i,Mocha Dakota Leather
xDrive28i,Black with Blue Highlight Dakota Leather
xDrive28i,Oyster Dakota Leather
xDrive28i,Black Dakota Leather
sDrive28i,Sensatec Oyster
sDrive28i,Black
sDrive28i,Black SensaTec
sDrive28i,Mocha Dakota Leather
sDrive28i,Black with Blue Highlight Dakota Leather
sDrive28i,Oyster Dakota Leather
sDrive28i,Black Dakota Leather
xDrive28i2,Sensatec Oyster
xDrive28i2,Black
xDrive28i2,Black SensaTec
xDrive28i2,Magma Red Dakota Leather
xDrive28i2,Mocha Dakota Leather
xDrive28i2,Black with Blue Highlight Dakota Leather
xDrive28i2,Oyster Dakota Leather
xDrive28i2,Black Dakota Leather
M35i,Sensatec Oyster
M35i,Black
M35i,Black SensaTec
M35i,Magma Red Dakota Leather
M35i,Black Dakota Leather
sDrive28i2,Sensatec Oyster
sDrive28i2,Black
sDrive28i2,Black SensaTec
sDrive28i2,Magma Red Dakota Leather
sDrive28i2,Mocha Dakota Leather
sDrive28i2,Black with Blue Highlight Dakota Leather
sDrive28i2,Oyster Dakota Leather
sDrive28i2,Black Dakota Leather
xDrive30i,Canberra Beige
xDrive30i,Black SensaTec
xDrive30i,Black SensaTecm
xDrive30i,Canberra Beige
xDrive30i,Black Vernasca Leather with contrast stitching
xDrive30i,piping
xDrive30i,Black Vernasca Leather with contrast stitch
xDrive30i,piping
xDrive30i,Mocha Vernasca Leather with contrast stitching
xDrive30i,piping
xDrive30i,Oyster Vernasca Leather with contrast stitching
xDrive30i,piping
xDrive30i,Cognac Vernasca Leather with contrast stitching
xDrive30i,piping
M40i,Canberra Beige
M40i,Black SensaTec
M40i,Black SensaTecm
M40i,Canberra Beige
M40i,Black Vernasca Leather with contrast stitching
M40i,piping
M40i,Black Vernasca Leather with contrast stitch
M40i,piping
M40i,Mocha Vernasca Leather with contrast stitching
M40i,piping
M40i,Oyster Vernasca Leather with contrast stitching
M40i,piping
M40i,Cognac Vernasca Leather with contrast stitching
M40i,piping
sDrive30i,Canberra Beige
sDrive30i,Black SensaTec
sDrive30i,Black SensaTecm
sDrive30i,Canberra Beige
sDrive30i,Black Vernasca Leather with contrast stitching
sDrive30i,piping
sDrive30i,Black Vernasca Leather with contrast stitch
sDrive30i,piping
sDrive30i,Mocha Vernasca Leather with contrast stitching
sDrive30i,piping
sDrive30i,Oyster Vernasca Leather with contrast stitching
sDrive30i,piping
sDrive30i,Cognac Vernasca Leather with contrast stitching
sDrive30i,piping
xDrive30i2,Canberra Beige
xDrive30i2,Black SensaTec
xDrive30i2,Black SensaTecm
xDrive30i2,Canberra Beige
xDrive30i2,Black Vernasca Leather with contrast stitching
xDrive30i2,piping
xDrive30i2,Black Vernasca Leather with contrast stitch
xDrive30i2,piping
xDrive30i2,Mocha Vernasca Leather with contrast stitching
xDrive30i2,piping
xDrive30i2,Black Vernasca Leather with blue contrast stitching
xDrive30i2,piping
xDrive30i2,Oyster Vernasca Leather with contrast stitching
xDrive30i2,piping
xDrive30i2,Cognac Vernasca Leather with contrast stitching
xDrive30i2,piping
M40i2,Canberra Beige
M40i2,Black SensaTec
M40i2,Black SensaTecm
M40i2,Canberra Beige
M40i2,Black Vernasca Leather with contrast stitching
M40i2,piping
M40i2,Black Vernasca Leather with contrast stitch
M40i2,piping
M40i2,Mocha Vernasca Leather with contrast stitching
M40i2,piping
M40i2,Oyster Vernasca Leather with contrast stitching
M40i2,piping
M40i2,Cognac Vernasca Leather with contrast stitching
M40i2,piping
xDrive40i,Canberra Beige
xDrive40i,Black SensaTec
xDrive40i,Black SensaTec
xDrive40i,Ivory White Vernasca Leather
xDrive40i,Canberra Beige Vernasca Leather
xDrive40i,Coffee Vernasca Leather
xDrive40i,Cognac Vernasca Leather
xDrive40i,Black Vernasca Leather
xDrive40i,Ivory White Extended Merino leather
xDrive40i,Coffee Extended Merino Leather
xDrive40i,Black Extended Merino Leather
xDrive40i,Tartufo Extended Merino Leather
xDrive50i,Ivory White Vernasca Leather
xDrive50i,Canberra Beige Vernasca Leather
xDrive50i,Coffee Vernasca Leather
xDrive50i,Cognac Vernasca Leather
xDrive50i,Black Vernasca Leather
xDrive50i,Ivory White Extended Merino leather
xDrive50i,Coffee Extended Merino Leather
xDrive50i,Black Extended Merino Leather
xDrive50i,Tartufo Extended Merino Leather
xDrive35i,Terra Dakota Leather
xDrive35i,Coral Red
xDrive35i,Black Dakota Leather
xDrive35i,Ivory White and Black Dakota Leather
xDrive35i,Canberra Beige
xDrive35i,Black Dakota Leather
xDrive35i,Cognac Dakota Leather
xDrive35i,Black Dakota Leather
xDrive35i,Ivory White
xDrive35i,Black Bi-Color Nappa Leather
xDrive35i,Cognac
xDrive35i,Black Bi-Color Nappa Leather
xDrive35i,Smoke White Extended Merino Leather
xDrive35i,Nutmeg Extended Merino Leather
xDrive35i,Taupe Extended Merino Leather
xDrive35i,Criollo Brown Extended Merino Leather
xDrive35i,Amaro Brown Extended Merino Leather
xDrive50i2,Terra Dakota Leather
xDrive50i2,Coral Red
xDrive50i2,Black Dakota Leather
xDrive50i2,Ivory White and Black Dakota Leather
xDrive50i2,Canberra Beige
xDrive50i2,Black Dakota Leather
xDrive50i2,Cognac Dakota Leather
xDrive50i2,Black Dakota Leather
xDrive50i2,Ivory White
xDrive50i2,Black Bi-Color Nappa Leather
xDrive50i2,Cognac
xDrive50i2,Black Bi-Color Nappa Leather
xDrive50i2,Smoke White Extended Merino Leather
xDrive50i2,Nutmeg Extended Merino Leather
xDrive50i2,Taupe Extended Merino Leather
xDrive50i2,Criollo Brown Extended Merino Leather
xDrive50i2,Amaro Brown Extended Merino Leather
sDrive35i,Terra Dakota Leather
sDrive35i,Coral Red
sDrive35i,Black Dakota Leather
sDrive35i,Ivory White and Black Dakota Leather
sDrive35i,Canberra Beige
sDrive35i,Black Dakota Leather
sDrive35i,Cognac Dakota Leather
sDrive35i,Black Dakota Leather
sDrive35i,Ivory White
sDrive35i,Black Bi-Color Nappa Leather
sDrive35i,Cognac
sDrive35i,Black Bi-Color Nappa Leather
sDrive35i,Smoke White Extended Merino Leather
sDrive35i,Nutmeg Extended Merino Leather
sDrive35i,Taupe Extended Merino Leather
sDrive35i,Criollo Brown Extended Merino Leather
sDrive35i,Amaro Brown Extended Merino Leather
xDrive40i2,Black Vernasca Leather with Brown ContrastStitching
xDrive40i2,Canberra Beige Vernasca Leather
xDrive40i2,Coffee Vernasca Leather
xDrive40i2,Cognac Vernasca Leather
xDrive40i2,Black Vernasca Leather
xDrive40i2,Ivory White Extended Merino leather
xDrive40i2,Coffee Extended Merino Leather
xDrive40i2,Black Extended Merino Leather
xDrive40i2,Tartufo Extended Merino Leather
xDrive40i2,Ivory White
xDrive40i2,Night Blue Full Leather Merino
xDrive50i3,Black Vernasca Leather with Brown ContrastStitching
xDrive50i3,Canberra Beige Vernasca Leather
xDrive50i3,Coffee Vernasca Leather
xDrive50i3,Cognac Vernasca Leather
xDrive50i3,Black Vernasca Leather
xDrive50i3,Ivory White Extended Merino leather
xDrive50i3,Coffee Extended Merino Leather
xDrive50i3,Black Extended Merino Leather
xDrive50i3,Tartufo Extended Merino Leather
xDrive50i3,Ivory White
xDrive50i3,Night Blue Full Leather Merino
330i xDrive Sedan,Canberra Beige
330i xDrive Sedan,Black SensaTec
330i xDrive Sedan,Black SensaTecm
330i xDrive Sedan,Canberra Beige
330i xDrive Sedan,Black Vernasca Leather with contrast stitching
330i xDrive Sedan,piping
330i xDrive Sedan,Black Vernasca Leather with contrast stitch
330i xDrive Sedan,piping
330i xDrive Sedan,Mocha Vernasca Leather with contrast stitching
330i xDrive Sedan,piping
330i xDrive Sedan,Oyster Vernasca Leather with contrast stitching
330i xDrive Sedan,piping
330i xDrive Sedan,Cognac Vernasca Leather with contrast stitching
330i xDrive Sedan,piping
330i Sedan,Canberra Beige
330i Sedan,Black SensaTec
330i Sedan,Black SensaTecm
330i Sedan,Canberra Beige
330i Sedan,Black Vernasca Leather with contrast stitching
330i Sedan,piping
330i Sedan,Black Vernasca Leather with contrast stitch
330i Sedan,piping
330i Sedan,Mocha Vernasca Leather with contrast stitching
330i Sedan,piping
330i Sedan,Oyster Vernasca Leather with contrast stitching
330i Sedan,piping
330i Sedan,Cognac Vernasca Leather with contrast stitching
330i Sedan,piping
330i xDrive Sports Wagon,Canberra Beige
330i xDrive Sports Wagon,Black SensaTec
330i xDrive Sports Wagon,Black SensaTecm
330i xDrive Sports Wagon,Canberra Beige
330i xDrive Sports Wagon,Black Vernasca Leather with contrast stitching
330i xDrive Sports Wagon,piping
330i xDrive Sports Wagon,Black Vernasca Leather with contrast stitch
330i xDrive Sports Wagon,piping
330i xDrive Sports Wagon,Mocha Vernasca Leather with contrast stitching
330i xDrive Sports Wagon,piping
330i xDrive Sports Wagon,Oyster Vernasca Leather with contrast stitching
330i xDrive Sports Wagon,piping
330i xDrive Sports Wagon,Cognac Vernasca Leather with contrast stitching
330i xDrive Sports Wagon,piping
330i xDrive Gran Turismo,Canberra Beige
330i xDrive Gran Turismo,Black SensaTec
330i xDrive Gran Turismo,Black SensaTecm
330i xDrive Gran Turismo,Canberra Beige
330i xDrive Gran Turismo,Black Vernasca Leather with contrast stitching
330i xDrive Gran Turismo,piping
330i xDrive Gran Turismo,Black Vernasca Leather with contrast stitch
330i xDrive Gran Turismo,piping
330i xDrive Gran Turismo,Mocha Vernasca Leather with contrast stitching
330i xDrive Gran Turismo,piping
330i xDrive Gran Turismo,Oyster Vernasca Leather with contrast stitching
330i xDrive Gran Turismo,piping
330i xDrive Gran Turismo,Cognac Vernasca Leather with contrast stitching
330i xDrive Gran Turismo,piping
340i xDrive Gran Turismo,Canberra Beige
340i xDrive Gran Turismo,Black SensaTec
340i xDrive Gran Turismo,Black SensaTecm
340i xDrive Gran Turismo,Canberra Beige
340i xDrive Gran Turismo,Black Vernasca Leather with contrast stitching
340i xDrive Gran Turismo,piping
340i xDrive Gran Turismo,Black Vernasca Leather with contrast stitch
340i xDrive Gran Turismo,piping
340i xDrive Gran Turismo,Mocha Vernasca Leather with contrast stitching
340i xDrive Gran Turismo,piping
340i xDrive Gran Turismo,Oyster Vernasca Leather with contrast stitching
340i xDrive Gran Turismo,piping
340i xDrive Gran Turismo,Cognac Vernasca Leather with contrast stitching
340i xDrive Gran Turismo,piping
530i xDrive Sedan,Canberra Beige
530i xDrive Sedan,Black SensaTec
530i xDrive Sedan,Black SensaTecm
530i xDrive Sedan,Canberra Beige
530i xDrive Sedan,Black Vernasca Leather with contrast stitching
530i xDrive Sedan,piping
530i xDrive Sedan,Black Vernasca Leather with contrast stitch
530i xDrive Sedan,piping
530i xDrive Sedan,Mocha Vernasca Leather with contrast stitching
530i xDrive Sedan,piping
530i xDrive Sedan,Oyster Vernasca Leather with contrast stitching
530i xDrive Sedan,piping
530i xDrive Sedan,Cognac Vernasca Leather with contrast stitching
530i xDrive Sedan,piping
530e xDrive iPerformance,Canberra Beige
530e xDrive iPerformance,Black SensaTec
530e xDrive iPerformance,Black SensaTecm
530e xDrive iPerformance,Canberra Beige
530e xDrive iPerformance,Black Vernasca Leather with contrast stitching
530e xDrive iPerformance,piping
530e xDrive iPerformance,Black Vernasca Leather with contrast stitch
530e xDrive iPerformance,piping
530e xDrive iPerformance,Mocha Vernasca Leather with contrast stitching
530e xDrive iPerformance,piping
530e xDrive iPerformance,Oyster Vernasca Leather with contrast stitching
530e xDrive iPerformance,piping
530e xDrive iPerformance,Cognac Vernasca Leather with contrast stitching
530e xDrive iPerformance,piping
540i xDrive Sedan,Canberra Beige
540i xDrive Sedan,Black SensaTec
540i xDrive Sedan,Black SensaTecm
540i xDrive Sedan,Canberra Beige
540i xDrive Sedan,Black Vernasca Leather with contrast stitching
540i xDrive Sedan,piping
540i xDrive Sedan,Black Vernasca Leather with contrast stitch
540i xDrive Sedan,piping
540i xDrive Sedan,Mocha Vernasca Leather with contrast stitching
540i xDrive Sedan,piping
540i xDrive Sedan,Oyster Vernasca Leather with contrast stitching
540i xDrive Sedan,piping
540i xDrive Sedan,Cognac Vernasca Leather with contrast stitching
540i xDrive Sedan,piping
M550i xDrive Sedan,Canberra Beige
M550i xDrive Sedan,Black SensaTec
M550i xDrive Sedan,Black SensaTecm
M550i xDrive Sedan,Canberra Beige
M550i xDrive Sedan,Black Vernasca Leather with contrast stitching
M550i xDrive Sedan,piping
M550i xDrive Sedan,Black Vernasca Leather with contrast stitch
M550i xDrive Sedan,piping
M550i xDrive Sedan,Mocha Vernasca Leather with contrast stitching
M550i xDrive Sedan,piping
M550i xDrive Sedan,Oyster Vernasca Leather with contrast stitching
M550i xDrive Sedan,piping
M550i xDrive Sedan,Cognac Vernasca Leather with contrast stitching
M550i xDrive Sedan,piping
530i Sedan,Canberra Beige
530i Sedan,Black SensaTec
530i Sedan,Black SensaTecm
530i Sedan,Canberra Beige
530i Sedan,Black Vernasca Leather with contrast stitching
530i Sedan,piping
530i Sedan,Black Vernasca Leather with contrast stitch
530i Sedan,piping
530i Sedan,Mocha Vernasca Leather with contrast stitching
530i Sedan,piping
530i Sedan,Oyster Vernasca Leather with contrast stitching
530i Sedan,piping
530i Sedan,Cognac Vernasca Leather with contrast stitching
530i Sedan,piping
530e iPerformance,Canberra Beige
530e iPerformance,Black SensaTec
530e iPerformance,Black SensaTecm
530e iPerformance,Canberra Beige
530e iPerformance,Black Vernasca Leather with contrast stitching
530e iPerformance,piping
530e iPerformance,Black Vernasca Leather with contrast stitch
530e iPerformance,piping
530e iPerformance,Mocha Vernasca Leather with contrast stitching
530e iPerformance,piping
530e iPerformance,Oyster Vernasca Leather with contrast stitching
530e iPerformance,piping
530e iPerformance,Cognac Vernasca Leather with contrast stitching
530e iPerformance,piping
540i Sedan,Canberra Beige
540i Sedan,Black SensaTec
540i Sedan,Black SensaTecm
540i Sedan,Canberra Beige
540i Sedan,Black Vernasca Leather with contrast stitching
540i Sedan,piping
540i Sedan,Black Vernasca Leather with contrast stitch
540i Sedan,piping
540i Sedan,Mocha Vernasca Leather with contrast stitching
540i Sedan,piping
540i Sedan,Oyster Vernasca Leather with contrast stitching
540i Sedan,piping
540i Sedan,Cognac Vernasca Leather with contrast stitching
540i Sedan,piping
640i xDrive Gran Turismo,Canberra Beige
640i xDrive Gran Turismo,Black SensaTec
640i xDrive Gran Turismo,Black SensaTecm
640i xDrive Gran Turismo,Canberra Beige
640i xDrive Gran Turismo,Black Vernasca Leather with contrast stitching
640i xDrive Gran Turismo,piping
640i xDrive Gran Turismo,Black Vernasca Leather with contrast stitch
640i xDrive Gran Turismo,piping
640i xDrive Gran Turismo,Mocha Vernasca Leather with contrast stitching
640i xDrive Gran Turismo,piping
640i xDrive Gran Turismo,Oyster Vernasca Leather with contrast stitching
640i xDrive Gran Turismo,piping
640i xDrive Gran Turismo,Cognac Vernasca Leather with contrast stitching
640i xDrive Gran Turismo,piping
740i xDrive Sedan,Canberra Beige Dakota Leather
740i xDrive Sedan,Ivory White and Black Dakota Leather
740i xDrive Sedan,Mocha Dakota Leather
740i xDrive Sedan,Cognac Dakota Leather
740i xDrive Sedan,Black Dakota Leather
740e xDrive iPerformance,Canberra Beige Dakota Leather
740e xDrive iPerformance,Ivory White and Black Dakota Leather
740e xDrive iPerformance,Mocha Dakota Leather
740e xDrive iPerformance,Cognac Dakota Leather
740e xDrive iPerformance,Black Dakota Leather
750i xDrive Sedan,Canberra Beige Dakota Leather
750i xDrive Sedan,Ivory White and Black Dakota Leather
750i xDrive Sedan,Mocha Dakota Leather
750i xDrive Sedan,Cognac Dakota Leather
750i xDrive Sedan,Black Dakota Leather
M760i xDrive Sedan,Canberra Beige Dakota Leather
M760i xDrive Sedan,Ivory White and Black Dakota Leather
M760i xDrive Sedan,Mocha Dakota Leather
M760i xDrive Sedan,Cognac Dakota Leather
M760i xDrive Sedan,Black Dakota Leather
740i Sedan,Canberra Beige Dakota Leather
740i Sedan,Ivory White and Black Dakota Leather
740i Sedan,Mocha Dakota Leather
740i Sedan,Cognac Dakota Leather
740i Sedan,Black Dakota Leather
750i Sedan,Canberra Beige Dakota Leather
750i Sedan,Ivory White and Black Dakota Leather
750i Sedan,Mocha Dakota Leather
750i Sedan,Cognac Dakota Leather
750i Sedan,Black Dakota Leather
M850i xDrive Coupe,Canberra Beige Dakota Leather
M850i xDrive Coupe,Ivory White and Black Dakota Leather
M850i xDrive Coupe,Mocha Dakota Leather
M850i xDrive Coupe,Cognac Dakota Leather
M850i xDrive Coupe,Black Dakota Leather
Z4 sDrive30i,Black SensaTec
ALPINA B6 xDrive Gran Coupe,Canberra Beige Nappa Leather
ALPINA B6 xDrive Gran Coupe,Ivory White and Black Nappa Leather
ALPINA B6 xDrive Gran Coupe,Zagora Beige Nappa Leather
ALPINA B6 xDrive Gran Coupe,Mocha Nappa Leather
ALPINA B6 xDrive Gran Coupe,Cognac Nappa Leather
ALPINA B6 xDrive Gran Coupe,Black Nappa Leather
ALPINA B7 xDrive,Canberra Beige Nappa Leather
ALPINA B7 xDrive,Ivory White and Black Nappa Leather
ALPINA B7 xDrive,Zagora Beige Nappa Leather
ALPINA B7 xDrive,Mocha Nappa Leather
ALPINA B7 xDrive,Cognac Nappa Leather
ALPINA B7 xDrive,Black Nappa Leather
M2 Competition,Black Dakota Leather with blue stitching
M2 Competition,Black Dakota Leather with orange stitching
M3 Sedan,Black Extended Merino Leather
M3 Sedan,Cloth
M3 Sedan,Leather combination Carbonstructure Anthracite
M3 Sedan,Black
M3 Sedan,Silverstone Extended Merino Leather
M3 Sedan,Sakhir Orange
M3 Sedan,Black Extended Merino Leather
M3 Sedan,Sonoma Beige Extended Merino Leather
M3 Sedan,Silverstone Full Merino Leather
M3 Sedan,Sakhir Orange
M3 Sedan,Black Full Merino Leather
M3 Sedan,Sonoma Beige Full Merino Leather
M3 Sedan,Black Full Merino Leather
M4 Coupe,Silverstone Extended Merino Leather
M4 Coupe,Sakhir Orange
M4 Coupe,Black Extended Merino Leather
M4 Coupe,Sonoma Beige Extended Merino Leather
M4 Coupe,Black Extended Merino Leather
M4 Coupe,Silverstone Full Merino Leather
M4 Coupe,Sakhir Orange
M4 Coupe,Black Full Merino Leather
M4 Coupe,Sonoma Beige Full Merino Leather
M4 Coupe,Black Full Merino Leather
M4 Convertible,Silverstone Extended Merino Leather
M4 Convertible,Sakhir Orange
M4 Convertible,Black Extended Merino Leather
M4 Convertible,Sonoma Beige Extended Merino Leather
M4 Convertible,Black Extended Merino Leather
M4 Convertible,Silverstone Full Merino Leather
M4 Convertible,Sakhir Orange
M4 Convertible,Black Full Merino Leather
M4 Convertible,Sonoma Beige Full Merino Leather
M4 Convertible,Black Full Merino Leather
M5 Sedan,Silverstone Extended Merino Leather
M5 Sedan,Aragon Brown Extended Merino Leather
M5 Sedan,Black Extended Merino Leather
M5 Sedan,Silverstone Full Merino Leather
M5 Sedan,Aragon Brown Full Merino Leather
M5 Sedan,Black Full Merino Leather
M5 Competition,Silverstone Extended Merino Leather
M5 Competition,Aragon Brown Extended Merino Leather
M5 Competition,Black Extended Merino Leather
M5 Competition,Silverstone Full Merino Leather
M5 Competition,Aragon Brown Full Merino Leather
M5 Competition,Black Full Merino Leather
M6 Gran Coupe,Silverstone Extended Merino Leather
M6 Gran Coupe,Sakhir Orange
M6 Gran Coupe,Black Extended Merino Leather
M6 Gran Coupe,Black Extended Merino Leather
M6 Gran Coupe,Silverstone Full Merino Leather
M6 Gran Coupe,Aragon Brown Full Merino Leather
M6 Gran Coupe,Sakhir Orange
M6 Gran Coupe,Black Full Merino Leather
M6 Gran Coupe,Black Full Merino Leather
BMW i3,Deka Dark Cloth
BMW i8 Coupe,Giga Ivory White Full Perforated Leather
BMW i8 Coupe,Giga Amido Full Perforated Leather
BMW i8 Roadster,Giga Ivory White Full Perforated Leather
BMW i8 Roadster,Giga Amido Full Perforated Leather
