xDrive28i,Alpine White
xDrive28i,Jet Black
xDrive28i,Black Sapphire Metallic
xDrive28i,Glacier Silver Metallic
xDrive28i,Mineral White Metallic
xDrive28i,Mineral Grey Metallic
xDrive28i,Estoril Blue Metallic
xDrive28i,Sparkling Brown Metallic
xDrive28i,Dark Olive Metallic
xDrive28i,Mediterranean Blue Metallic
xDrive28i,Sunset Orange Metallic
sDrive28i,Alpine White
sDrive28i,Jet Black
sDrive28i,Black Sapphire Metallic
sDrive28i,Glacier Silver Metallic
sDrive28i,Mineral White Metallic
sDrive28i,Mineral Grey Metallic
sDrive28i,Estoril Blue Metallic
sDrive28i,Sparkling Brown Metallic
sDrive28i,Dark Olive Metallic
sDrive28i,Mediterranean Blue Metallic
sDrive28i,Sunset Orange Metallic
xDrive28i,Alpine White
xDrive28i,Jet Black
xDrive28i,Black Sapphire Metallic
xDrive28i,Glacier Silver Metallic
xDrive28i,Mineral White Metallic
xDrive28i,Mineral Grey Metallic
xDrive28i,Dark Olive Metallic
xDrive28i,Mediterranean Blue Metallic
xDrive28i,Misano Blue Metallic
xDrive28i,Galvanic Gold Metallic
xDrive28i,Sunset Orange Metallic
M35i,Alpine White
M35i,Black Sapphire Metallic
M35i,Mineral Grey Metallic
M35i,Misano Blue Metallic
M35i,Galvanic Gold Metallic
M35i,Sunset Orange Metallic
sDrive28i,Alpine White
sDrive28i,Jet Black
sDrive28i,Black Sapphire Metallic
sDrive28i,Glacier Silver Metallic
sDrive28i,Mineral White Metallic
sDrive28i,Mineral Grey Metallic
sDrive28i,Dark Olive Metallic
sDrive28i,Mediterranean Blue Metallic
sDrive28i,Misano Blue Metallic
sDrive28i,Galvanic Gold Metallic
sDrive28i,Sunset Orange Metallic
xDrive30i,Alpine White
xDrive30i,Jet Black
xDrive30i,Black Sapphire Metallic
xDrive30i,Glacier Silver Metallic
xDrive30i,Dark Graphite Metallic
xDrive30i,Mineral White Metallic
xDrive30i,Dark Olive Metallic
xDrive30i,Terra Brown Metallic
xDrive30i,Phytonic Blue Metallic
M40i,Alpine White
M40i,Carbon Black Metallic
M40i,Black Sapphire Metallic
M40i,Glacier Silver Metallic
M40i,Dark Graphite Metallic
M40i,Phytonic Blue Metallic
M40i,Carbon Black Metallic
sDrive30i,Alpine White
sDrive30i,Jet Black
sDrive30i,Black Sapphire Metallic
sDrive30i,Glacier Silver Metallic
sDrive30i,Dark Graphite Metallic
sDrive30i,Mineral White Metallic
sDrive30i,Dark Olive Metallic
sDrive30i,Terra Brown Metallic
sDrive30i,Phytonic Blue Metallic
xDrive30i,Alpine White
xDrive30i,Jet Black
xDrive30i,Black Sapphire Metallic
xDrive30i,Glacier Silver Metallic
xDrive30i,Dark Graphite Metallic
xDrive30i,Mineral White Metallic
xDrive30i,Dark Olive Metallic
xDrive30i,Flamenco Red Metallic
xDrive30i,Phytonic Blue Metallic
M40i,Alpine White
M40i,Carbon Black
M40i,Black Sapphire Metallic
M40i,Glacier Silver Metallic
M40i,Dark Graphite Metallic
M40i,Flamenco Red Metallic
M40i,Phytonic Blue Metallic
M40i,Sunstone Metallic
xDrive40i,Alpine White
xDrive40i,Arctic Grey Metallic
xDrive40i,Sunstone Metallic
xDrive40i,Phytonic Blue Metallic
xDrive40i,Mineral White Metallic
xDrive40i,Jet Black
xDrive40i,Black Sapphire Metallic
xDrive50i,Alpine White
xDrive50i,Arctic Grey Metallic
xDrive50i,Sunstone Metallic
xDrive50i,Phytonic Blue Metallic
xDrive50i,Mineral White Metallic
xDrive50i,Jet Black
xDrive50i,Black Sapphire Metallic
xDrive35i,Alpine White
xDrive35i,Jet Black
xDrive35i,Black Sapphire Metallic
xDrive35i,Space Gray Metallic
xDrive35i,Glacier Silver Metallic
xDrive35i,Dark Graphite Metallic
xDrive35i,Mineral White Metallic
xDrive35i,Flamenco Red Metallic
xDrive35i,Dark Olive Metallic
xDrive35i,Atlas Ceder Metallic
xDrive35i,Azurite Black Metallic
xDrive35i,Pearl Silver metallic
xDrive35i,Ruby Black Metallic
xDrive50i,Alpine White
xDrive50i,Jet Black
xDrive50i,Black Sapphire Metallic
xDrive50i,Space Gray Metallic
xDrive50i,Glacier Silver Metallic
xDrive50i,Dark Graphite Metallic
xDrive50i,Mineral White Metallic
xDrive50i,Flamenco Red Metallic
xDrive50i,Dark Olive Metallic
xDrive50i,Atlas Ceder Metallic
xDrive50i,Azurite Black Metallic
xDrive50i,Pearl Silver metallic
xDrive50i,Ruby Black Metallic
sDrive35i,Alpine White
sDrive35i,Jet Black
sDrive35i,Black Sapphire Metallic
sDrive35i,Space Gray Metallic
sDrive35i,Glacier Silver Metallic
sDrive35i,Dark Graphite Metallic
sDrive35i,Mineral White Metallic
sDrive35i,Flamenco Red Metallic
sDrive35i,Dark Olive Metallic
sDrive35i,Atlas Ceder Metallic
sDrive35i,Azurite Black Metallic
sDrive35i,Pearl Silver metallic
sDrive35i,Ruby Black Metallic
xDrive40i,Alpine White
xDrive40i,Jed Black
xDrive40i,Black Sapphire Metallic
xDrive40i,Mineral White Metallic
xDrive40i,Vermont Bronze Metallic
xDrive40i,Arctic Grey Metallic
xDrive50i,Alpine White
xDrive50i,Jed Black
xDrive50i,Black Sapphire Metallic
xDrive50i,Mineral White Metallic
xDrive50i,Vermont Bronze Metallic
xDrive50i,Arctic Grey Metallic
330i xDrive Sedan,Alpine White
330i xDrive Sedan,Jet Black
330i xDrive Sedan,Black Sapphire Metallic
330i xDrive Sedan,Melbourne Red Metallic
330i xDrive Sedan,Glacier Silver Metallic
330i xDrive Sedan,Mineral White Metallic
330i xDrive Sedan,Mineral Grey Metallic
330i xDrive Sedan,Mediterranean Blue Metallic
330i xDrive Sedan,Sunset Orange Metallic
330i xDrive Sedan,Vermont Bronze Metallic
330i xDrive Sedan,Portimao Blue Metallic
330i xDrive Sedan,Blue Ridge Mountain Metallic
330i Sedan,Alpine White
330i Sedan,Jet Black
330i Sedan,Black Sapphire Metallic
330i Sedan,Melbourne Red Metallic
330i Sedan,Glacier Silver Metallic
330i Sedan,Mineral White Metallic
330i Sedan,Mineral Grey Metallic
330i Sedan,Mediterranean Blue Metallic
330i Sedan,Sunset Orange Metallic
330i Sedan,Vermont Bronze Metallic
330i Sedan,Portimao Blue Metallic
330i Sedan,Blue Ridge Mountain Metallic
330i xDrive Sports Wagon,Alpine White
330i xDrive Sports Wagon,Jet Black
330i xDrive Sports Wagon,Black Sapphire Metallic
330i xDrive Sports Wagon,Melbourne Red Metallic
330i xDrive Sports Wagon,Glacier Silver Metallic
330i xDrive Sports Wagon,Mineral White Metallic
330i xDrive Sports Wagon,Mineral Grey Metallic
330i xDrive Sports Wagon,Mediterranean Blue Metallic
330i xDrive Sports Wagon,Sunset Orange Metallic
330i xDrive Sports Wagon,Vermont Bronze Metallic
330i xDrive Sports Wagon,Portimao Blue Metallic
330i xDrive Sports Wagon,Blue Ridge Mountain Metallic
330i xDrive Gran Turismo,Alpine White
330i xDrive Gran Turismo,Jet Black
330i xDrive Gran Turismo,Black Sapphire Metallic
330i xDrive Gran Turismo,Melbourne Red Metallic
330i xDrive Gran Turismo,Glacier Silver Metallic
330i xDrive Gran Turismo,Mineral White Metallic
330i xDrive Gran Turismo,Mineral Grey Metallic
330i xDrive Gran Turismo,Mediterranean Blue Metallic
330i xDrive Gran Turismo,Sunset Orange Metallic
330i xDrive Gran Turismo,Vermont Bronze Metallic
330i xDrive Gran Turismo,Portimao Blue Metallic
330i xDrive Gran Turismo,Blue Ridge Mountain Metallic
340i xDrive Gran Turismo,Alpine White
340i xDrive Gran Turismo,Jet Black
340i xDrive Gran Turismo,Black Sapphire Metallic
340i xDrive Gran Turismo,Melbourne Red Metallic
340i xDrive Gran Turismo,Glacier Silver Metallic
340i xDrive Gran Turismo,Mineral White Metallic
340i xDrive Gran Turismo,Mineral Grey Metallic
340i xDrive Gran Turismo,Mediterranean Blue Metallic
340i xDrive Gran Turismo,Sunset Orange Metallic
340i xDrive Gran Turismo,Vermont Bronze Metallic
340i xDrive Gran Turismo,Portimao Blue Metallic
340i xDrive Gran Turismo,Blue Ridge Mountain Metallic
530i xDrive Sedan,Alpine White
530i xDrive Sedan,Jet Black
530i xDrive Sedan,Black Sapphire Metallic
530i xDrive Sedan,Cashmere Silver Metallic
530i xDrive Sedan,Glacier Silver Metallic
530i xDrive Sedan,Imperial Blue Metallic
530i xDrive Sedan,Dark Graphite Metallic
530i xDrive Sedan,Mineral White Metallic
530i xDrive Sedan,Jatoba Brown Metallic
530i xDrive Sedan,Mediterranean Blue Metallic
530i xDrive Sedan,Atlas Cedar Metallic
530i xDrive Sedan,Bluestone Metallic
530e xDrive iPerformance,Alpine White
530e xDrive iPerformance,Jet Black
530e xDrive iPerformance,Black Sapphire Metallic
530e xDrive iPerformance,Cashmere Silver Metallic
530e xDrive iPerformance,Glacier Silver Metallic
530e xDrive iPerformance,Imperial Blue Metallic
530e xDrive iPerformance,Dark Graphite Metallic
530e xDrive iPerformance,Mineral White Metallic
530e xDrive iPerformance,Jatoba Brown Metallic
530e xDrive iPerformance,Mediterranean Blue Metallic
530e xDrive iPerformance,Atlas Cedar Metallic
530e xDrive iPerformance,Bluestone Metallic
540i xDrive Sedan,Alpine White
540i xDrive Sedan,Jet Black
540i xDrive Sedan,Black Sapphire Metallic
540i xDrive Sedan,Cashmere Silver Metallic
540i xDrive Sedan,Glacier Silver Metallic
540i xDrive Sedan,Imperial Blue Metallic
540i xDrive Sedan,Dark Graphite Metallic
540i xDrive Sedan,Mineral White Metallic
540i xDrive Sedan,Jatoba Brown Metallic
540i xDrive Sedan,Mediterranean Blue Metallic
540i xDrive Sedan,Atlas Cedar Metallic
540i xDrive Sedan,Bluestone Metallic
M550i xDrive Sedan,Carbon Black Metallic
M550i xDrive Sedan,Black Sapphire Metallic
M550i xDrive Sedan,Dark Graphite Metallic
M550i xDrive Sedan,Mediterranean Blue Metallic
M550i xDrive Sedan,Bluestone Metallic
M550i xDrive Sedan,Alpine White
530i Sedan,Alpine White
530i Sedan,Jet Black
530i Sedan,Black Sapphire Metallic
530i Sedan,Cashmere Silver Metallic
530i Sedan,Glacier Silver Metallic
530i Sedan,Imperial Blue Metallic
530i Sedan,Dark Graphite Metallic
530i Sedan,Mineral White Metallic
530i Sedan,Jatoba Brown Metallic
530i Sedan,Mediterranean Blue Metallic
530i Sedan,Atlas Cedar Metallic
530i Sedan,Bluestone Metallic
530e iPerformance,Alpine White
530e iPerformance,Jet Black
530e iPerformance,Black Sapphire Metallic
530e iPerformance,Cashmere Silver Metallic
530e iPerformance,Glacier Silver Metallic
530e iPerformance,Imperial Blue Metallic
530e iPerformance,Dark Graphite Metallic
530e iPerformance,Mineral White Metallic
530e iPerformance,Jatoba Brown Metallic
530e iPerformance,Mediterranean Blue Metallic
530e iPerformance,Atlas Cedar Metallic
530e iPerformance,Bluestone Metallic
540i Sedan,Alpine White
540i Sedan,Jet Black
540i Sedan,Black Sapphire Metallic
540i Sedan,Cashmere Silver Metallic
540i Sedan,Glacier Silver Metallic
540i Sedan,Imperial Blue Metallic
540i Sedan,Dark Graphite Metallic
540i Sedan,Mineral White Metallic
540i Sedan,Jatoba Brown Metallic
540i Sedan,Mediterranean Blue Metallic
540i Sedan,Atlas Cedar Metallic
540i Sedan,Bluestone Metallic
640i xDrive Gran Turismo,Alpine White
640i xDrive Gran Turismo,Jet Black
640i xDrive Gran Turismo,Black Sapphire Metallic
640i xDrive Gran Turismo,Cashmere Silver Metallic
640i xDrive Gran Turismo,Glacier Silver Metallic
640i xDrive Gran Turismo,Imperial Blue Metallic
640i xDrive Gran Turismo,Dark Graphite Metallic
640i xDrive Gran Turismo,Mineral White Metallic
640i xDrive Gran Turismo,Jatoba Brown Metallic
640i xDrive Gran Turismo,Mediterranean Blue Metallic
640i xDrive Gran Turismo,Atlas Cedar Metallic
640i xDrive Gran Turismo,Bluestone Metallic
740i xDrive Sedan,Black Sapphire Metallic
740i xDrive Sedan,Cashmere Silver Metallic
740i xDrive Sedan,Glacier Silver Metallic
740i xDrive Sedan,Imperial Blue Metallic
740i xDrive Sedan,Dark Graphite Metallic
740i xDrive Sedan,Mineral White Metallic
740i xDrive Sedan,Jatoba Brown Metallic
740i xDrive Sedan,Magellan Gray Metallic
740i xDrive Sedan,Arctic Grey Metallic
740i xDrive Sedan,Alpine White
740i xDrive Sedan,Jet Black
740e xDrive iPerformance,Black Sapphire Metallic
740e xDrive iPerformance,Cashmere Silver Metallic
740e xDrive iPerformance,Glacier Silver Metallic
740e xDrive iPerformance,Imperial Blue Metallic
740e xDrive iPerformance,Dark Graphite Metallic
740e xDrive iPerformance,Mineral White Metallic
740e xDrive iPerformance,Jatoba Brown Metallic
740e xDrive iPerformance,Magellan Gray Metallic
740e xDrive iPerformance,Arctic Grey Metallic
740e xDrive iPerformance,Alpine White
740e xDrive iPerformance,Jet Black
750i xDrive Sedan,Black Sapphire Metallic
750i xDrive Sedan,Cashmere Silver Metallic
750i xDrive Sedan,Glacier Silver Metallic
750i xDrive Sedan,Imperial Blue Metallic
750i xDrive Sedan,Dark Graphite Metallic
750i xDrive Sedan,Mineral White Metallic
750i xDrive Sedan,Jatoba Brown Metallic
750i xDrive Sedan,Magellan Gray Metallic
750i xDrive Sedan,Arctic Grey Metallic
750i xDrive Sedan,Alpine White
750i xDrive Sedan,Jet Black
M760i xDrive Sedan,Black Sapphire Metallic
M760i xDrive Sedan,Cashmere Silver Metallic
M760i xDrive Sedan,Glacier Silver Metallic
M760i xDrive Sedan,Imperial Blue Metallic
M760i xDrive Sedan,Dark Graphite Metallic
M760i xDrive Sedan,Mineral White Metallic
M760i xDrive Sedan,Jatoba Brown Metallic
M760i xDrive Sedan,Magellan Gray Metallic
M760i xDrive Sedan,Arctic Grey Metallic
M760i xDrive Sedan,Alpine White
M760i xDrive Sedan,Jet Black
740i Sedan,Black Sapphire Metallic
740i Sedan,Cashmere Silver Metallic
740i Sedan,Glacier Silver Metallic
740i Sedan,Imperial Blue Metallic
740i Sedan,Dark Graphite Metallic
740i Sedan,Mineral White Metallic
740i Sedan,Jatoba Brown Metallic
740i Sedan,Magellan Gray Metallic
740i Sedan,Arctic Grey Metallic
740i Sedan,Alpine White
740i Sedan,Jet Black
750i Sedan,Black Sapphire Metallic
750i Sedan,Cashmere Silver Metallic
750i Sedan,Glacier Silver Metallic
750i Sedan,Imperial Blue Metallic
750i Sedan,Dark Graphite Metallic
750i Sedan,Mineral White Metallic
750i Sedan,Jatoba Brown Metallic
750i Sedan,Magellan Gray Metallic
750i Sedan,Arctic Grey Metallic
750i Sedan,Alpine White
750i Sedan,Jet Black
M850i xDrive Coupe,Black Sapphire Metallic
M850i xDrive Coupe,Cashmere Silver Metallic
M850i xDrive Coupe,Glacier Silver Metallic
M850i xDrive Coupe,Imperial Blue Metallic
M850i xDrive Coupe,Dark Graphite Metallic
M850i xDrive Coupe,Mineral White Metallic
M850i xDrive Coupe,Jatoba Brown Metallic
M850i xDrive Coupe,Magellan Gray Metallic
M850i xDrive Coupe,Arctic Grey Metallic
M850i xDrive Coupe,Alpine White
M850i xDrive Coupe,Jet Black
Z4 sDrive30i,Alpine White
Z4 sDrive30i,Black Sapphire Metallic
Z4 sDrive30i,Glacier Silver Metallic
Z4 sDrive30i,Mineral White Metallic
Z4 sDrive30i,Mediterranean Blue Metallic
Z4 sDrive30i,San Francisco Red
ALPINA B6 xDrive Gran Coupe,Black Sapphire Metallic
ALPINA B6 xDrive Gran Coupe,Glacier Silver Metallic
ALPINA B6 xDrive Gran Coupe,Mineral White Metallic
ALPINA B6 xDrive Gran Coupe,Magellan Gray Metallic
ALPINA B6 xDrive Gran Coupe,ALPINA Blue Metallic
ALPINA B6 xDrive Gran Coupe,ALPINA Green Metallic
ALPINA B6 xDrive Gran Coupe,Alpine White
ALPINA B7 xDrive,Black Sapphire Metallic
ALPINA B7 xDrive,Glacier Silver Metallic
ALPINA B7 xDrive,Mineral White Metallic
ALPINA B7 xDrive,Magellan Gray Metallic
ALPINA B7 xDrive,ALPINA Blue Metallic
ALPINA B7 xDrive,ALPINA Green Metallic
ALPINA B7 xDrive,Alpine White
M2 Competition,Alpine White
M2 Competition,Black Sapphire Metallic
M2 Competition,Long Beach Blue Metallic
M2 Competition,Sunset Orange Metallic
M2 Competition,Hockenheim Silver Metallic
M3 Sedan,Alpine White
M3 Sedan,Black Sapphire Metallic
M3 Sedan,Mineral White Metallic
M3 Sedan,Mineral Grey Metallic
M3 Sedan,Austin Yellow Metallic
M3 Sedan,Yas Marina Blue Metallic
M3 Sedan,Sakhir Orange Metallic
M4 Coupe,Black Sapphire Metallic
M4 Coupe,Alpine White
M4 Coupe,Mineral White Metallic
M4 Coupe,Mineral Grey Metallic
M4 Coupe,Austin Yellow Metallic
M4 Coupe,Yas Marina Blue Metallic
M4 Coupe,Sakhir Orange Metallic
M4 Convertible,Black Sapphire Metallic
M4 Convertible,Alpine White
M4 Convertible,Mineral White Metallic
M4 Convertible,Mineral Grey Metallic
M4 Convertible,Austin Yellow Metallic
M4 Convertible,Yas Marina Blue Metallic
M4 Convertible,Sakhir Orange Metallic
M5 Sedan,Black Sapphire Metallic
M5 Sedan,Singapore Gray Metallic
M5 Sedan,Snapper Rocks Blue Metallic
M5 Sedan,Marina Bay Blue metallic
M5 Sedan,Donington Grey Metallic
M5 Sedan,Bluestone Metallic
M5 Sedan,Alpine White
M5 Competition,Black Sapphire Metallic
M5 Competition,Singapore Gray Metallic
M5 Competition,Snapper Rocks Blue Metallic
M5 Competition,Marina Bay Blue metallic
M5 Competition,Donington Grey Metallic
M5 Competition,Bluestone Metallic
M5 Competition,Alpine White
M6 Gran Coupe,Black Sapphire Metallic
M6 Gran Coupe,Silverstone Metallic
M6 Gran Coupe,Space Gray Metallic
M6 Gran Coupe,Singapore Gray Metallic
M6 Gran Coupe,San Marino Blue metallic
M6 Gran Coupe,Alpine White
BMW i3,Capparis White with BMW i Frozen Blue accent
BMW i3,Imperial Blue Metallic with Frozen Grey accent
BMW i3,Mineral Grey with BMW i Frozen Blue accent
BMW i3,Melbourne Red Metallic with Frozen Grey accent
BMW i3,Jucaro Beige Metallic with Frozen Grey Accent
BMW i3,Fluid Black with BMW I Frozen Blue accent
BMW i8 Coupe,E-Copper with Frozen Grey Accent
BMW i8 Coupe,Sophisto Grey Metallic with Frozen Grey accent
BMW i8 Coupe,Sophisto Grey Metallic with BMW i Frozen Blue accent
BMW i8 Coupe,Donington Grey
BMW i8 Coupe,Crystal White Pearl Metallic with Frozen Grey accent
BMW i8 Coupe,Crystal White Pearl Metallic with BMW i Frozen Blue accent
BMW i8 Roadster,E-Copper with Frozen Grey Accent
BMW i8 Roadster,Sophisto Grey Metallic with Frozen Grey accent
BMW i8 Roadster,Sophisto Grey Metallic with BMW i Frozen Blue accent
BMW i8 Roadster,Donington Grey
BMW i8 Roadster,Crystal White Pearl Metallic with Frozen Grey accent
BMW i8 Roadster,Crystal White Pearl Metallic with BMW i Frozen Blue accent
