WMBx,X1,xDrive28i,2019,xLine/M Sport,2.0-liter BMW TwinPower Turbo inline 4-cylinder,AWD,"18"" M Double-spoke bi-color wheels/ style 570M with run-flat tires/18"" M Double-spoke bi-color wheels/ style 570M with all-season non run-flat tires/18"" Y-spoke wheels/ style 569 with all-season run-flat tires/18"" Y-spoke wheels/ style 569 with all-season non run-flat tires/19"" M Double-spoke bi-color wheels/ style 572M with performance run-flat tires/19"" Y-Spoke wheels/ style 511 with run-flat tires",Sensatec Oyster/Black/Black SensaTec/Mocha Dakota Leather/Black with Blue Highlight Dakota Leather/Oyster Dakota Leather/Black Dakota Leather,Alpine White/Jet Black/Black Sapphire Metallic/Glacier Silver Metallic/Mineral White Metallic/Mineral Grey Metallic/Estoril Blue Metallic/Sparkling Brown Metallic/Dark Olive Metallic/Mediterranean Blue Metallic/Sunset Orange Metallic,Sport Seats:400/Harman Kardon surround sound system:875/M Sport Suspension:400/Active Driving Assistant:1000,36950
WMBx,X1,sDrive28i,2019,xLine/M Sport,2.0-liter BMW TwinPower Turbo inline 4-cylinder,FWD,"18"" M Double-spoke bi-color wheels/ style 570M with run-flat tires/18"" M Double-spoke bi-color wheels/ style 570M with all-season non run-flat tires/18"" Y-spoke wheels/ style 569 with all-season run-flat tires/18"" Y-spoke wheels/ style 569 with all-season non run-flat tires/19"" M Double-spoke bi-color wheels/ style 572M with performance run-flat tires/19"" Y-Spoke wheels/ style 511 with run-flat tires",Sensatec Oyster/Black/Black SensaTec/Mocha Dakota Leather/Black with Blue Highlight Dakota Leather/Oyster Dakota Leather/Black Dakota Leather,Alpine White/Jet Black/Black Sapphire Metallic/Glacier Silver Metallic/Mineral White Metallic/Mineral Grey Metallic/Estoril Blue Metallic/Sparkling Brown Metallic/Dark Olive Metallic/Mediterranean Blue Metallic/Sunset Orange Metallic,Sport Seats:400/Harman Kardon surround sound system:875/M Sport Suspension:400/Active Driving Assistant:1000,34950
WMBx,X2,xDrive28i,2019,Standard/M Sport X,2.0-liter BMW TwinPower Turbo inline 4-cylinder,AWD,"19"" M Double-spoke bi-color wheels/ style 722M with all-season run-flat tires/18"" Y-spoke wheels/ style 566 with all-season run-flat tires/18"" Y-spoke wheels/ style 566 with all-season non run-flat tires/20"" M Double-spoke bi-color wheels/ style 717M with performance run-flat tires/19"" Y-Spoke wheels/ style 511 with run-flat tires",Sensatec Oyster/Black/Black SensaTec/Magma Red Dakota Leather/Mocha Dakota Leather/Black with Blue Highlight Dakota Leather/Oyster Dakota Leather/Black Dakota Leather,Alpine White/Jet Black/Black Sapphire Metallic/Glacier Silver Metallic/Mineral White Metallic/Mineral Grey Metallic/Dark Olive Metallic/Mediterranean Blue Metallic/Misano Blue Metallic/Galvanic Gold Metallic/Sunset Orange Metallic,Panoramic Moonroof:1350/Rear Spoiler:150/Harman Kardon surround sound system:875/M Sport Suspension:400/Active Driving Assistant:1000,38400
WMBx,X2,M35i,2019,Standard,2.0-liter BMW TwinPower Turbo inline 4-cylinder,AWD,"19"" M Double-spoke wheels/ style 715M with all-season run-flat tires/20"" M Double-spoke wheels/ style 721M with performance run-flat tires",Sensatec Oyster/Black/Black SensaTec/Magma Red Dakota Leather/Black Dakota Leather,Alpine White/Black Sapphire Metallic/Mineral Grey Metallic/Misano Blue Metallic/Galvanic Gold Metallic/Sunset Orange Metallic,Panoramic Moonroof:1350/Harman Kardon surround sound system:875/Dynamic Damper Control:500/Active Driving Assistant:1000,46450
WMBx,X2,sDrive28i,2019,Standard/M Sport X,2.0-liter BMW TwinPower Turbo inline 4-cylinder,FWD,"18"" Y-spoke wheels/ style 566 with all-season run-flat tires/20"" M Double-spoke bi-color wheels/ style 717M with performance run-flat tires/18"" Y-spoke wheels/ style 566 with all-season non run-flat tires/19"" M Double-spoke bi-color wheels/ style 722M with all-season run-flat tires/19"" Y-Spoke wheels/ style 511 with run-flat tires",Sensatec Oyster/Black/Black SensaTec/Magma Red Dakota Leather/Mocha Dakota Leather/Black with Blue Highlight Dakota Leather/Oyster Dakota Leather/Black Dakota Leather,Alpine White/Jet Black/Black Sapphire Metallic/Glacier Silver Metallic/Mineral White Metallic/Mineral Grey Metallic/Dark Olive Metallic/Mediterranean Blue Metallic/Misano Blue Metallic/Galvanic Gold Metallic/Sunset Orange Metallic,Panoramic Moonroof:1350/Rear Spoiler:150/Harman Kardon surround sound system:875/M Sport Suspension:400/Active Driving Assistant:1000,36400
WMBx,X3,xDrive30i,2019,xLine/Luxury/M Sport,2.0-liter BMW TwinPower Turbo inline 4-cylinder,AWD,"18"" Y-spoke wheels/ style 688 with all-season run-flat tires/19"" V-spoke wheels/ style 692 with all-season non run-flat tires/19"" V-spoke wheels/ style 692 with all-season run-flat tires",Canberra Beige/Black SensaTec/Black SensaTecm/Canberra Beige/Black Vernasca Leather with contrast stitching/piping/Black Vernasca Leather with contrast stitch/piping/Mocha Vernasca Leather with contrast stitching/piping/Oyster Vernasca Leather with contrast stitching/piping/Cognac Vernasca Leather with contrast stitching/piping,Alpine White/Jet Black/Black Sapphire Metallic/Glacier Silver Metallic/Dark Graphite Metallic/Mineral White Metallic/Dark Olive Metallic/Terra Brown Metallic/Phytonic Blue Metallic,Panoramic Moonroof:1350/Harman Kardon surround sound system:875/Dynamic Damper Control:1000/Active Cruise Control:1200,43000
WMBx,X3,M40i,2019,Standard,3.0-liter BMW M Performance TwinPower Turbo inline 6-cylinder,AWD,"19"" M Double-spoke bi-color wheels/ style 698M with performance run-flat tires/19"" M Double-spoke bi-color wheels/ style 698M with all-season run-flat tires/20"" M Double-spoke bi-color wheels/ style 699M with performance run-flat tires/21"" M Double-spoke Cerium Grey wheels/ style 718M with performance run-flat tires",Canberra Beige/Black SensaTec/Black SensaTecm/Canberra Beige/Black Vernasca Leather with contrast stitching/piping/Black Vernasca Leather with contrast stitch/piping/Mocha Vernasca Leather with contrast stitching/piping/Oyster Vernasca Leather with contrast stitching/piping/Cognac Vernasca Leather with contrast stitching/piping,Alpine White/Carbon Black Metallic/Black Sapphire Metallic/Glacier Silver Metallic/Dark Graphite Metallic/Phytonic Blue Metallic/Carbon Black Metallic,Harman Kardon surround sound system:875/Adaptive M Suspension:700/Active Cruise Control:1200,54650
WMBx,X3,sDrive30i,2019,xLine/Luxury/M Sport,2.0-liter BMW TwinPower Turbo inline 4-cylinder,RWD,"18"" Y-spoke wheels/ style 688 with all-season run-flat tires/19"" V-spoke wheels/ style 692 with all-season non run-flat tires/19"" V-spoke wheels/ style 692 with all-season run-flat tires",Canberra Beige/Black SensaTec/Black SensaTecm/Canberra Beige/Black Vernasca Leather with contrast stitching/piping/Black Vernasca Leather with contrast stitch/piping/Mocha Vernasca Leather with contrast stitching/piping/Oyster Vernasca Leather with contrast stitching/piping/Cognac Vernasca Leather with contrast stitching/piping,Alpine White/Jet Black/Black Sapphire Metallic/Glacier Silver Metallic/Dark Graphite Metallic/Mineral White Metallic/Dark Olive Metallic/Terra Brown Metallic/Phytonic Blue Metallic,Panoramic Moonroof:1350/Harman Kardon surround sound system:875/Dynamic Damper Control:1000/Active Cruise Control:1200,41000
WMBx,X4,xDrive30i,2019,xLine/M Sport,2.0-liter BMW TwinPower Turbo inline 4-cylinder,AWD,"19"" V-spoke wheels/ style 692 with all-season non run-flat tires/19"" V-spoke wheels/ style 692 with all-season run-flat tires/20"" Y-spoke bi-color orbit grey wheels/ style 695 with performance run-flat tire",Canberra Beige/Black SensaTec/Black SensaTecm/Canberra Beige/Black Vernasca Leather with contrast stitching/piping/Black Vernasca Leather with contrast stitch/piping/Mocha Vernasca Leather with contrast stitching/piping/Black Vernasca Leather with blue contrast stitching/piping/Oyster Vernasca Leather with contrast stitching/piping/Cognac Vernasca Leather with contrast stitching/piping,Alpine White/Jet Black/Black Sapphire Metallic/Glacier Silver Metallic/Dark Graphite Metallic/Mineral White Metallic/Dark Olive Metallic/Flamenco Red Metallic/Phytonic Blue Metallic,Harman Kardon surround sound system:875/Dynamic Damper Control:1000/Active Cruise Control:1200,50450
WMBx,X4,M40i,2019,Standard,3.0-liter BMW M Performance TwinPower Turbo inline 6-cylinder,AWD,"19"" M Double-spoke bi-color wheels/ style 698M with all-season run-flat tires/19"" M Double-spoke bi-color wheels/ style 698M with performance run-flat tires/20"" M Double-spoke bi-color orbit grey wheels/ style 699M with perf non-rft tires/20"" M Double-spoke bi-color wheels/ style 699M with performance run-flat tires/21"" M Double-spoke Cerium Grey wheels/ style 718M with performance run-flat tires",Canberra Beige/Black SensaTec/Black SensaTecm/Canberra Beige/Black Vernasca Leather with contrast stitching/piping/Black Vernasca Leather with contrast stitch/piping/Mocha Vernasca Leather with contrast stitching/piping/Oyster Vernasca Leather with contrast stitching/piping/Cognac Vernasca Leather with contrast stitching/piping,Alpine White/Carbon Black/Black Sapphire Metallic/Glacier Silver Metallic/Dark Graphite Metallic/Flamenco Red Metallic/Phytonic Blue Metallic/Sunstone Metallic,Harman Kardon surround sound system:875/Active Cruise Control:1200,60450
WMBx,X5,xDrive40i,2019,xLine/M Sport,3.0-liter BMW TwinPower Turbo inline 6-cylinder,AWD,"19"" V-spoke wheels/ style 734 with all-season run-flat tires/20"" V-spoke wheels/ style 738 with all-season run-flat tires/21"" Y-spoke orbit grey wheels/ style 744 with performance run-flat tires",Canberra Beige/Black SensaTec/Black SensaTec/Ivory White Vernasca Leather/Canberra Beige Vernasca Leather/Coffee Vernasca Leather/Cognac Vernasca Leather/Black Vernasca Leather/Ivory White Extended Merino leather/Coffee Extended Merino Leather/Black Extended Merino Leather/Tartufo Extended Merino Leather,Alpine White/Arctic Grey Metallic/Sunstone Metallic/Phytonic Blue Metallic/Mineral White Metallic/Jet Black/Black Sapphire Metallic,Remote Engine Start:300/Integral Active Steering:1150/2-axle air suspension:1000/Bowers & Wilkins Diamond Surround Sound System:4200/Active Cruise Control:800/Night Vision with Pedestrian Detection:2300,60700
WMBx,X5,xDrive50i,2019,xLine/M Sport,4.4-liter BMW TwinPower Turbo V-8 engine,AWD,"19"" V-spoke wheels/ style 734 with all-season run-flat tires/20"" V-spoke wheels/ style 738 with all-season run-flat tires/21"" Y-spoke orbit grey wheels/ style 744 with performance run-flat tires",Ivory White Vernasca Leather/Canberra Beige Vernasca Leather/Coffee Vernasca Leather/Cognac Vernasca Leather/Black Vernasca Leather/Ivory White Extended Merino leather/Coffee Extended Merino Leather/Black Extended Merino Leather/Tartufo Extended Merino Leather,Alpine White/Arctic Grey Metallic/Sunstone Metallic/Phytonic Blue Metallic/Mineral White Metallic/Jet Black/Black Sapphire Metallic,Remote Engine Start:300/Integral Active Steering:1150/2-axle air suspension:1000/Bowers & Wilkins Diamond Surround Sound System:3400/Active Cruise Control:800/Night Vision with Pedestrian Detection:2300,75750
WMBx,X6,xDrive35i,2019,xLine/M Sport,3.0-liter BMW TwinPower Turbo inline 6-cylinder,AWD,"19"" Y-spoke wheels/ style 595 with all-season run-flat tires/20"" V-spoke wheels/ style 597 with performance run-flat tires/20"" Star-spoke high gloss wheels/ style 491 with performance run-flat tires",Terra Dakota Leather/Coral Red/Black Dakota Leather/Ivory White and Black Dakota Leather/Canberra Beige/Black Dakota Leather/Cognac Dakota Leather/Black Dakota Leather/Ivory White/Black Bi-Color Nappa Leather/Cognac/Black Bi-Color Nappa Leather/Smoke White Extended Merino Leather/Nutmeg Extended Merino Leather/Taupe Extended Merino Leather/Criollo Brown Extended Merino Leather/Amaro Brown Extended Merino Leather,Alpine White/Jet Black/Black Sapphire Metallic/Space Gray Metallic/Glacier Silver Metallic/Dark Graphite Metallic/Mineral White Metallic/Flamenco Red Metallic/Dark Olive Metallic/Atlas Ceder Metallic/Azurite Black Metallic/Pearl Silver metallic/Ruby Black Metallic,Multi-contour seats:1300/Rear-seat entertainment Professional:2200/Bang & Olufsen Sound System:4500/Dynamic Damper Control + rear axle air suspension:1500/Night Vision with Pedestrian Detection:2300,65850
WMBx,X6,xDrive50i,2019,xLine/M Sport,4.4-liter BMW TwinPower Turbo V-8 engine,AWD,"19"" Y-spoke wheels/ style 595 with all-season run-flat tires/20"" V-spoke wheels/ style 597 with performance run-flat tires/20"" Star-spoke high gloss wheels/ style 491 with performance run-flat tires",Terra Dakota Leather/Coral Red/Black Dakota Leather/Ivory White and Black Dakota Leather/Canberra Beige/Black Dakota Leather/Cognac Dakota Leather/Black Dakota Leather/Ivory White/Black Bi-Color Nappa Leather/Cognac/Black Bi-Color Nappa Leather/Smoke White Extended Merino Leather/Nutmeg Extended Merino Leather/Taupe Extended Merino Leather/Criollo Brown Extended Merino Leather/Amaro Brown Extended Merino Leather,Alpine White/Jet Black/Black Sapphire Metallic/Space Gray Metallic/Glacier Silver Metallic/Dark Graphite Metallic/Mineral White Metallic/Flamenco Red Metallic/Dark Olive Metallic/Atlas Ceder Metallic/Azurite Black Metallic/Pearl Silver metallic/Ruby Black Metallic,Rear-seat entertainment Professional:2200/Bang & Olufsen Sound System:3700/Dynamic Damper Control + rear axle air suspension:1500/Night Vision with Pedestrian Detection:2300,78300
WMBx,X6,sDrive35i,2019,xLine/M Sport,3.0-liter BMW TwinPower Turbo inline 6-cylinder,RWD,"19"" Y-spoke wheels/ style 595 with all-season run-flat tires/20"" V-spoke wheels/ style 597 with performance run-flat tires/20"" Star-spoke high gloss wheels/ style 491 with performance run-flat tires",Terra Dakota Leather/Coral Red/Black Dakota Leather/Ivory White and Black Dakota Leather/Canberra Beige/Black Dakota Leather/Cognac Dakota Leather/Black Dakota Leather/Ivory White/Black Bi-Color Nappa Leather/Cognac/Black Bi-Color Nappa Leather/Smoke White Extended Merino Leather/Nutmeg Extended Merino Leather/Taupe Extended Merino Leather/Criollo Brown Extended Merino Leather/Amaro Brown Extended Merino Leather,Alpine White/Jet Black/Black Sapphire Metallic/Space Gray Metallic/Glacier Silver Metallic/Dark Graphite Metallic/Mineral White Metallic/Flamenco Red Metallic/Dark Olive Metallic/Atlas Ceder Metallic/Azurite Black Metallic/Pearl Silver metallic/Ruby Black Metallic,Multi-contour seats:1300/Rear-seat entertainment Professional:2200/Bang & Olufsen Sound System:4500/Dynamic Damper Control + rear axle air suspension:1500/Night Vision with Pedestrian Detection:2300,63550
WMBx,X7,xDrive40i,2019,Luxury/M Sport,3.0-liter TwinPower Turbo inline 6-cylinder,AWD,"21"" Double-spoke bi-color orbit grey wheels/ style 754M with all-season runflat/22"" V-spoke bi-color black wheels/ style755M with runflat tires/22"" Y-spoke bi-color orbit grey wheels/ style 758i with runflat tires/21"" Y-Spoke black wheels/ style 752 withall-season runflat tires/21"" Y-Spoke bi-color ferric grey wheels/style 753 with all-season runflat tires/22"" V-spoke bi-color orbit grey wheels/ style 756 with runflat tires/22"" Y-spoke bi-color orbit grey wheels/ style 758i with runflat tires/22"" Multi-spoke bi-color ferric grey wheels/ style 757 with runflat tire",Black Vernasca Leather with Brown ContrastStitching/Canberra Beige Vernasca Leather/Coffee Vernasca Leather/Cognac Vernasca Leather/Black Vernasca Leather/Ivory White Extended Merino leather/Coffee Extended Merino Leather/Black Extended Merino Leather/Tartufo Extended Merino Leather/Ivory White/Night Blue Full Leather Merino,Alpine White/Jed Black/Black Sapphire Metallic/Mineral White Metallic/Vermont Bronze Metallic/Arctic Grey Metallic,Remote Engine Start:300/Integral Active Steering:1150/Bowers & Wilkins Diamond Surround Sound System:4200/Rear-seat entertainment Professional:2200/M Sport Brakes:650,73900
WMBx,X7,xDrive50i,2019,Luxury/M Sport,4.4-liter TwinPower Turbo V-8,AWD,"21"" Double-spoke bi-color orbit grey wheels/ style 754M with all-season runflat/22"" V-spoke bi-color black wheels/ style755M with runflat tires/22"" Y-spoke bi-color orbit grey wheels/ style 758i with runflat tires/21"" Y-Spoke black wheels/ style 752 withall-season runflat tires/21"" Y-Spoke bi-color ferric grey wheels/style 753 with all-season runflat tires/22"" V-spoke bi-color orbit grey wheels/ style 756 with runflat tires/22"" Y-spoke bi-color orbit grey wheels/ style 758i with runflat tires/22"" Multi-spoke bi-color ferric grey wheels/ style 757 with runflat tire",Black Vernasca Leather with Brown ContrastStitching/Canberra Beige Vernasca Leather/Coffee Vernasca Leather/Cognac Vernasca Leather/Black Vernasca Leather/Ivory White Extended Merino leather/Coffee Extended Merino Leather/Black Extended Merino Leather/Tartufo Extended Merino Leather/Ivory White/Night Blue Full Leather Merino,Alpine White/Jed Black/Black Sapphire Metallic/Mineral White Metallic/Vermont Bronze Metallic/Arctic Grey Metallic,Remote Engine Start:300/Integral Active Steering:1150/Bowers & Wilkins Diamond Surround Sound System:3400/Rear-seat entertainment Professional:2200/M Sport Brakes:650,92600
WMB,3,330i xDrive Sedan,2019,Sport Line/Luxury/M Sport,2.0-liter BMW TwinPower Turbo inline 4-cylinder,AWD,"19"" M Double-spoke bi-color jet black wheels/ style 791M with performance rft/19"" M Double-spoke bi-color jet black wheels/ style 791M with all-season rft/19"" M Double-spoke jet black wheels/ style 791M with high-performance non rft/19"" M Double-spoke jet black wheels/ style 791M with performance rft/19"" M Double-spoke jet black wheels/ style 791M with all-season run-flat tire/19"" Double-spoke bi-color orbit grey wheels/ style 793i with all-season rft/18"" V-spoke bi-color orbit grey wheels/ style 780 with all-season non run-flat/18"" V-spoke bi-color orbit grey wheels/ style 780 with all-season run-flat tires",Canberra Beige/Black SensaTec/Black SensaTecm/Canberra Beige/Black Vernasca Leather with contrast stitching/piping/Black Vernasca Leather with contrast stitch/piping/Mocha Vernasca Leather with contrast stitching/piping/Oyster Vernasca Leather with contrast stitching/piping/Cognac Vernasca Leather with contrast stitching/piping,Alpine White/Jet Black/Black Sapphire Metallic/Melbourne Red Metallic/Glacier Silver Metallic/Mineral White Metallic/Mineral Grey Metallic/Mediterranean Blue Metallic/Sunset Orange Metallic/Vermont Bronze Metallic/Portimao Blue Metallic/Blue Ridge Mountain Metallic,Remote Engine Start:300/Harman Kardon surround sound system:875/Active Cruise Control:1200,42250
WMB,3,330i Sedan,2019,Sport Line/Luxury/M Sport,2.0-liter BMW TwinPower Turbo inline 4-cylinder,RWD,"19"" M Double-spoke bi-color jet black wheels/ style 791M with performance rft/19"" M Double-spoke bi-color jet black wheels/ style 791M with all-season rft/19"" M Double-spoke jet black wheels/ style 791M with high-performance non rft/19"" M Double-spoke jet black wheels/ style 791M with performance rft/19"" M Double-spoke jet black wheels/ style 791M with all-season run-flat tire/19"" Double-spoke bi-color orbit grey wheels/ style 793i with all-season rft/18"" V-spoke bi-color orbit grey wheels/ style 780 with all-season non run-flat/18"" V-spoke bi-color orbit grey wheels/ style 780 with all-season run-flat tires",Canberra Beige/Black SensaTec/Black SensaTecm/Canberra Beige/Black Vernasca Leather with contrast stitching/piping/Black Vernasca Leather with contrast stitch/piping/Mocha Vernasca Leather with contrast stitching/piping/Oyster Vernasca Leather with contrast stitching/piping/Cognac Vernasca Leather with contrast stitching/piping,Alpine White/Jet Black/Black Sapphire Metallic/Melbourne Red Metallic/Glacier Silver Metallic/Mineral White Metallic/Mineral Grey Metallic/Mediterranean Blue Metallic/Sunset Orange Metallic/Vermont Bronze Metallic/Portimao Blue Metallic/Blue Ridge Mountain Metallic,Remote Engine Start:300/Harman Kardon surround sound system:875/Active Cruise Control:1200,40250
WMB,3,330i xDrive Sports Wagon,2019,Sport Line/Luxury/M Sport,2.0-liter BMW TwinPower Turbo inline 4-cylinder,AWD,"19"" M Double-spoke bi-color jet black wheels/ style 791M with performance rft/19"" M Double-spoke bi-color jet black wheels/ style 791M with all-season rft/19"" M Double-spoke jet black wheels/ style 791M with high-performance non rft/19"" M Double-spoke jet black wheels/ style 791M with performance rft/19"" M Double-spoke jet black wheels/ style 791M with all-season run-flat tire/19"" Double-spoke bi-color orbit grey wheels/ style 793i with all-season rft/18"" V-spoke bi-color orbit grey wheels/ style 780 with all-season non run-flat/18"" V-spoke bi-color orbit grey wheels/ style 780 with all-season run-flat tires",Canberra Beige/Black SensaTec/Black SensaTecm/Canberra Beige/Black Vernasca Leather with contrast stitching/piping/Black Vernasca Leather with contrast stitch/piping/Mocha Vernasca Leather with contrast stitching/piping/Oyster Vernasca Leather with contrast stitching/piping/Cognac Vernasca Leather with contrast stitching/piping,Alpine White/Jet Black/Black Sapphire Metallic/Melbourne Red Metallic/Glacier Silver Metallic/Mineral White Metallic/Mineral Grey Metallic/Mediterranean Blue Metallic/Sunset Orange Metallic/Vermont Bronze Metallic/Portimao Blue Metallic/Blue Ridge Mountain Metallic,Harman Kardon surround sound system:875/Adaptive M Suspension:700/Active Cruise Control:1200,45000
WMB,3,330i xDrive Gran Turismo,2019,Sport Line/Luxury/M Sport,2.0-liter BMW TwinPower Turbo inline 4-cylinder,AWD,"19"" M Double-spoke bi-color jet black wheels/ style 791M with performance rft/19"" M Double-spoke bi-color jet black wheels/ style 791M with all-season rft/19"" M Double-spoke jet black wheels/ style 791M with high-performance non rft/19"" M Double-spoke jet black wheels/ style 791M with performance rft/19"" M Double-spoke jet black wheels/ style 791M with all-season run-flat tire/19"" Double-spoke bi-color orbit grey wheels/ style 793i with all-season rft/18"" V-spoke bi-color orbit grey wheels/ style 780 with all-season non run-flat/18"" V-spoke bi-color orbit grey wheels/ style 780 with all-season run-flat tires",Canberra Beige/Black SensaTec/Black SensaTecm/Canberra Beige/Black Vernasca Leather with contrast stitching/piping/Black Vernasca Leather with contrast stitch/piping/Mocha Vernasca Leather with contrast stitching/piping/Oyster Vernasca Leather with contrast stitching/piping/Cognac Vernasca Leather with contrast stitching/piping,Alpine White/Jet Black/Black Sapphire Metallic/Melbourne Red Metallic/Glacier Silver Metallic/Mineral White Metallic/Mineral Grey Metallic/Mediterranean Blue Metallic/Sunset Orange Metallic/Vermont Bronze Metallic/Portimao Blue Metallic/Blue Ridge Mountain Metallic,Harman Kardon surround sound system:875/Active Cruise Control:1200,45400
WMB,3,340i xDrive Gran Turismo,2019,Sport Line/Luxury/M Sport,3.0-liter BMW TwinPower Turbo inline 6-cylinder,AWD,"19"" M Double-spoke bi-color jet black wheels/ style 791M with performance rft/19"" M Double-spoke bi-color jet black wheels/ style 791M with all-season rft/19"" M Double-spoke jet black wheels/ style 791M with high-performance non rft/19"" M Double-spoke jet black wheels/ style 791M with performance rft/19"" M Double-spoke jet black wheels/ style 791M with all-season run-flat tire/19"" Double-spoke bi-color orbit grey wheels/ style 793i with all-season rft/18"" V-spoke bi-color orbit grey wheels/ style 780 with all-season non run-flat/18"" V-spoke bi-color orbit grey wheels/ style 780 with all-season run-flat tires",Canberra Beige/Black SensaTec/Black SensaTecm/Canberra Beige/Black Vernasca Leather with contrast stitching/piping/Black Vernasca Leather with contrast stitch/piping/Mocha Vernasca Leather with contrast stitching/piping/Oyster Vernasca Leather with contrast stitching/piping/Cognac Vernasca Leather with contrast stitching/piping,Alpine White/Jet Black/Black Sapphire Metallic/Melbourne Red Metallic/Glacier Silver Metallic/Mineral White Metallic/Mineral Grey Metallic/Mediterranean Blue Metallic/Sunset Orange Metallic/Vermont Bronze Metallic/Portimao Blue Metallic/Blue Ridge Mountain Metallic,Active Cruise Control:1200,51250
WMB,5,530i xDrive Sedan,2019,Sport Line/Luxury/M Sport,2.0-liter BMW TwinPower Turbo inline 4-cylinder,AWD,"18"" Double-spoke wheels/ style 634 with all-season non run-flat tires/18"" Double-spoke wheels/ style 634 with all-season run-flat tires/19"" V-spoke wheels/ style 635 with performance run-flat tires/19"" V-spoke wheels/ style 635 with all-season run-flat tires",Canberra Beige/Black SensaTec/Black SensaTecm/Canberra Beige/Black Vernasca Leather with contrast stitching/piping/Black Vernasca Leather with contrast stitch/piping/Mocha Vernasca Leather with contrast stitching/piping/Oyster Vernasca Leather with contrast stitching/piping/Cognac Vernasca Leather with contrast stitching/piping,Alpine White/Jet Black/Black Sapphire Metallic/Cashmere Silver Metallic/Glacier Silver Metallic/Imperial Blue Metallic/Dark Graphite Metallic/Mineral White Metallic/Jatoba Brown Metallic/Mediterranean Blue Metallic/Atlas Cedar Metallic/Bluestone Metallic,Bowers & Wilkins Diamond Surround Sound System:4200/Dynamic Damper Control:1000/Active Cruise Control:1200/Night Vision with Pedestrian Detection:2300,55700
WMB,5,530e xDrive iPerformance,2019,Sport Line/Luxury/M Sport,2.0-liter BMW TwinPower Turbo inline 4-cylinder with integrated electric motor,AWD,"18"" Double-spoke wheels/ style 634 with all-season non run-flat tires/18"" Double-spoke wheels/ style 634 with all-season run-flat tires/19"" V-spoke wheels/ style 635 with performance run-flat tires/19"" V-spoke wheels/ style 635 with all-season run-flat tires",Canberra Beige/Black SensaTec/Black SensaTecm/Canberra Beige/Black Vernasca Leather with contrast stitching/piping/Black Vernasca Leather with contrast stitch/piping/Mocha Vernasca Leather with contrast stitching/piping/Oyster Vernasca Leather with contrast stitching/piping/Cognac Vernasca Leather with contrast stitching/piping,Alpine White/Jet Black/Black Sapphire Metallic/Cashmere Silver Metallic/Glacier Silver Metallic/Imperial Blue Metallic/Dark Graphite Metallic/Mineral White Metallic/Jatoba Brown Metallic/Mediterranean Blue Metallic/Atlas Cedar Metallic/Bluestone Metallic,Bowers & Wilkins Diamond Surround Sound System:4200/Dynamic Damper Control:1000/Active Cruise Control:1200/Night Vision with Pedestrian Detection:2300,55700
WMB,5,540i xDrive Sedan,2019,Sport Line/Luxury/M Sport,3.0-liter BMW TwinPower Turbo inline 6-cylinder,AWD,"18"" Double-spoke wheels/ style 634 with all-season non run-flat tires/18"" Double-spoke wheels/ style 634 with all-season run-flat tires/19"" V-spoke wheels/ style 635 with performance run-flat tires/19"" V-spoke wheels/ style 635 with all-season run-flat tires",Canberra Beige/Black SensaTec/Black SensaTecm/Canberra Beige/Black Vernasca Leather with contrast stitching/piping/Black Vernasca Leather with contrast stitch/piping/Mocha Vernasca Leather with contrast stitching/piping/Oyster Vernasca Leather with contrast stitching/piping/Cognac Vernasca Leather with contrast stitching/piping,Alpine White/Jet Black/Black Sapphire Metallic/Cashmere Silver Metallic/Glacier Silver Metallic/Imperial Blue Metallic/Dark Graphite Metallic/Mineral White Metallic/Jatoba Brown Metallic/Mediterranean Blue Metallic/Atlas Cedar Metallic/Bluestone Metallic,Integral Active Steering:1150/Bowers & Wilkins Diamond Surround Sound System:4200/Rear-seat entertainment Professional:2200/M Sport Brakes:650/Active Cruise Control:1200/Night Vision with Pedestrian Detection:2300,61250
WMB,5,M550i xDrive Sedan,2019,Standard,4.4-liter BMW M Performance TwinPower Turbo V-8 engine,AWD,"19"" M Double-spoke Cerium Grey wheels/ style 664M with performance run-flat tires/19"" M Double-spoke wheels - style 664M Cerium Gray with all-season run-flat tires/20"" M Double-spoke wheels/ style 668M with performance run-flat tires/20"" M Double-spoke wheels/ style 668M with Michelin Pilot Super Sport non run-flat tires",Canberra Beige/Black SensaTec/Black SensaTecm/Canberra Beige/Black Vernasca Leather with contrast stitching/piping/Black Vernasca Leather with contrast stitch/piping/Mocha Vernasca Leather with contrast stitching/piping/Oyster Vernasca Leather with contrast stitching/piping/Cognac Vernasca Leather with contrast stitching/piping,Carbon Black Metallic/Black Sapphire Metallic/Dark Graphite Metallic/Mediterranean Blue Metallic/Bluestone Metallic/Alpine White,Bowers & Wilkins Diamond Surround Sound System:3400/Rear-seat entertainment Professional:2200/Active Cruise Control:1200/Night Vision with Pedestrian Detection:2300,74450
WMB,5,530i Sedan,2019,Sport Line/Luxury/M Sport,2.0-liter BMW TwinPower Turbo inline 4-cylinder,RWD,"18"" Double-spoke wheels/ style 634 with all-season non run-flat tires/18"" Double-spoke wheels/ style 634 with all-season run-flat tires/19"" V-spoke wheels/ style 635 with performance run-flat tires/19"" V-spoke wheels/ style 635 with all-season run-flat tires",Canberra Beige/Black SensaTec/Black SensaTecm/Canberra Beige/Black Vernasca Leather with contrast stitching/piping/Black Vernasca Leather with contrast stitch/piping/Mocha Vernasca Leather with contrast stitching/piping/Oyster Vernasca Leather with contrast stitching/piping/Cognac Vernasca Leather with contrast stitching/piping,Alpine White/Jet Black/Black Sapphire Metallic/Cashmere Silver Metallic/Glacier Silver Metallic/Imperial Blue Metallic/Dark Graphite Metallic/Mineral White Metallic/Jatoba Brown Metallic/Mediterranean Blue Metallic/Atlas Cedar Metallic/Bluestone Metallic,Bowers & Wilkins Diamond Surround Sound System:4200/Dynamic Damper Control:1000/M Steering Wheel:150/Active Cruise Control:1200/Night Vision with Pedestrian Detection:2300,53400
WMB,5,530e iPerformance,2019,Sport Line/Luxury/M Sport,2.0-liter BMW TwinPower Turbo inline 4-cylinder with integrated electric motor,RWD,"18"" Double-spoke wheels/ style 634 with all-season non run-flat tires/18"" Double-spoke wheels/ style 634 with all-season run-flat tires/19"" V-spoke wheels/ style 635 with performance run-flat tires/19"" V-spoke wheels/ style 635 with all-season run-flat tires",Canberra Beige/Black SensaTec/Black SensaTecm/Canberra Beige/Black Vernasca Leather with contrast stitching/piping/Black Vernasca Leather with contrast stitch/piping/Mocha Vernasca Leather with contrast stitching/piping/Oyster Vernasca Leather with contrast stitching/piping/Cognac Vernasca Leather with contrast stitching/piping,Alpine White/Jet Black/Black Sapphire Metallic/Cashmere Silver Metallic/Glacier Silver Metallic/Imperial Blue Metallic/Dark Graphite Metallic/Mineral White Metallic/Jatoba Brown Metallic/Mediterranean Blue Metallic/Atlas Cedar Metallic/Bluestone Metallic,Bowers & Wilkins Diamond Surround Sound System:4200/Dynamic Damper Control:1000/Active Cruise Control:1200/Night Vision with Pedestrian Detection:2300,53400
WMB,5,540i Sedan,2019,Sport Line/Luxury/M Sport,3.0-liter BMW TwinPower Turbo inline 6-cylinder,RWD,"18"" Double-spoke wheels/ style 634 with all-season non run-flat tires/18"" Double-spoke wheels/ style 634 with all-season run-flat tires/19"" V-spoke wheels/ style 635 with performance run-flat tires/19"" V-spoke wheels/ style 635 with all-season run-flat tires",Canberra Beige/Black SensaTec/Black SensaTecm/Canberra Beige/Black Vernasca Leather with contrast stitching/piping/Black Vernasca Leather with contrast stitch/piping/Mocha Vernasca Leather with contrast stitching/piping/Oyster Vernasca Leather with contrast stitching/piping/Cognac Vernasca Leather with contrast stitching/piping,Alpine White/Jet Black/Black Sapphire Metallic/Cashmere Silver Metallic/Glacier Silver Metallic/Imperial Blue Metallic/Dark Graphite Metallic/Mineral White Metallic/Jatoba Brown Metallic/Mediterranean Blue Metallic/Atlas Cedar Metallic/Bluestone Metallic,Integral Active Steering:1150/Bowers & Wilkins Diamond Surround Sound System:4200/Rear-seat entertainment Professional:2200/M Sport Brakes:650/Active Cruise Control:1200/Night Vision with Pedestrian Detection:2300,58950
WMB,6,640i xDrive Gran Turismo,2019,Sport Line/Luxury/M Sport,3.0-liter BMW TwinPower Turbo inline 6-cylinder,AWD,"19"" M Double-spoke wheels/ style 647M with performance run-flat tires/19"" M Double-spoke wheels/ style 647M with all-season run-flat tires/20"" M Double-spoke wheels/ style 648M with performance run-flat tires/19"" V-spoke bi-color wheels/ style 685 with performance run-flat tires/19"" V-spoke bi-color wheels/ style 685 with all-season run-flat tires",Canberra Beige/Black SensaTec/Black SensaTecm/Canberra Beige/Black Vernasca Leather with contrast stitching/piping/Black Vernasca Leather with contrast stitch/piping/Mocha Vernasca Leather with contrast stitching/piping/Oyster Vernasca Leather with contrast stitching/piping/Cognac Vernasca Leather with contrast stitching/piping,Alpine White/Jet Black/Black Sapphire Metallic/Cashmere Silver Metallic/Glacier Silver Metallic/Imperial Blue Metallic/Dark Graphite Metallic/Mineral White Metallic/Jatoba Brown Metallic/Mediterranean Blue Metallic/Atlas Cedar Metallic/Bluestone Metallic,Integral Active Steering:1150/Bowers & Wilkins Diamond Surround Sound System:4200/Rear-seat entertainment Professional:2200/M Sport Brakes:650/Active Cruise Control:1200/Night Vision with Pedestrian Detection:2300,70300
WMB,7,740i xDrive Sedan,2019,Standard,3.0-liter BMW TwinPower Turbo inline 6-cylinder,AWD,"18"" V-Spoke wheels/ style 642 with all-season run-flat tires/19"" V-Spoke wheels/ style 620 with all-season run-flat tires/20"" BMW Individual V-spoke wheels/ style 649i with performance run-flat tires",Canberra Beige Dakota Leather/Ivory White and Black Dakota Leather/Mocha Dakota Leather/Cognac Dakota Leather/Black Dakota Leather,Black Sapphire Metallic/Cashmere Silver Metallic/Glacier Silver Metallic/Imperial Blue Metallic/Dark Graphite Metallic/Mineral White Metallic/Jatoba Brown Metallic/Magellan Gray Metallic/Arctic Grey Metallic/Alpine White/Jet Black,Integral Active Steering:1150/Bowers & Wilkins Diamond Surround Sound System:3700/Rear-seat entertainment Professional:2700/M Sport Brakes:650/Night Vision with Pedestrian Detection:2300,86650
WMB,7,740e xDrive iPerformance,2019,Standard,2.0-liter BMW TwinPower Turbo inline 4-cylinder with integrated electric motor,AWD,"18"" V-Spoke wheels/ style 642 with all-season run-flat tires/19"" V-Spoke wheels/ style 620 with all-season run-flat tires/20"" BMW Individual V-spoke wheels/ style 649i with performance run-flat tires",Canberra Beige Dakota Leather/Ivory White and Black Dakota Leather/Mocha Dakota Leather/Cognac Dakota Leather/Black Dakota Leather,Black Sapphire Metallic/Cashmere Silver Metallic/Glacier Silver Metallic/Imperial Blue Metallic/Dark Graphite Metallic/Mineral White Metallic/Jatoba Brown Metallic/Magellan Gray Metallic/Arctic Grey Metallic/Alpine White/Jet Black,Integral Active Steering:1150/Bowers & Wilkins Diamond Surround Sound System:3400/Rear-seat entertainment Professional:2700/M Sport Brakes:650/Night Vision with Pedestrian Detection:2300,91250
WMB,7,750i xDrive Sedan,2019,Standard,4.4-liter BMW TwinPower Turbo V-8 engine,AWD,"18"" V-Spoke wheels/ style 642 with all-season run-flat tires/19"" V-Spoke wheels/ style 620 with all-season run-flat tires/20"" BMW Individual V-spoke wheels/ style 649i with performance run-flat tires",Canberra Beige Dakota Leather/Ivory White and Black Dakota Leather/Mocha Dakota Leather/Cognac Dakota Leather/Black Dakota Leather,Black Sapphire Metallic/Cashmere Silver Metallic/Glacier Silver Metallic/Imperial Blue Metallic/Dark Graphite Metallic/Mineral White Metallic/Jatoba Brown Metallic/Magellan Gray Metallic/Arctic Grey Metallic/Alpine White/Jet Black,Integral Active Steering:1150/Bowers & Wilkins Diamond Surround Sound System:3400/Rear-seat entertainment Professional:2700/M Sport Brakes:650/Night Vision with Pedestrian Detection:2300,99950
WMB,7,M760i xDrive Sedan,2019,Standard,6.6-liter BMW M Performance TwinPower Turbo V-12 engine,AWD,"18"" V-Spoke wheels/ style 642 with all-season run-flat tires/19"" V-Spoke wheels/ style 620 with all-season run-flat tires/20"" BMW Individual V-spoke wheels/ style 649i with performance run-flat tires",Canberra Beige Dakota Leather/Ivory White and Black Dakota Leather/Mocha Dakota Leather/Cognac Dakota Leather/Black Dakota Leather,Black Sapphire Metallic/Cashmere Silver Metallic/Glacier Silver Metallic/Imperial Blue Metallic/Dark Graphite Metallic/Mineral White Metallic/Jatoba Brown Metallic/Magellan Gray Metallic/Arctic Grey Metallic/Alpine White/Jet Black,Bowers & Wilkins Diamond Surround Sound System:3400/Rear-seat entertainment Professional:2700/Night Vision with Pedestrian Detection:2300,156700
WMB,7,740i Sedan,2019,Standard,3.0-liter BMW TwinPower Turbo inline 6-cylinder,RWD,"18"" V-Spoke wheels/ style 642 with all-season run-flat tires/19"" V-Spoke wheels/ style 620 with all-season run-flat tires/20"" BMW Individual V-spoke wheels/ style 649i with performance run-flat tires",Canberra Beige Dakota Leather/Ivory White and Black Dakota Leather/Mocha Dakota Leather/Cognac Dakota Leather/Black Dakota Leather,Black Sapphire Metallic/Cashmere Silver Metallic/Glacier Silver Metallic/Imperial Blue Metallic/Dark Graphite Metallic/Mineral White Metallic/Jatoba Brown Metallic/Magellan Gray Metallic/Arctic Grey Metallic/Alpine White/Jet Black,Integral Active Steering:1150/Bowers & Wilkins Diamond Surround Sound System:3400/Rear-seat entertainment Professional:2700/M Sport Brakes:650/Night Vision with Pedestrian Detection:2300,83650
WMB,7,750i Sedan,2019,Standard,4.4-liter BMW TwinPower Turbo V-8 engine,RWD,"18"" V-Spoke wheels/ style 642 with all-season run-flat tires/19"" V-Spoke wheels/ style 620 with all-season run-flat tires/20"" BMW Individual V-spoke wheels/ style 649i with performance run-flat tires",Canberra Beige Dakota Leather/Ivory White and Black Dakota Leather/Mocha Dakota Leather/Cognac Dakota Leather/Black Dakota Leather,Black Sapphire Metallic/Cashmere Silver Metallic/Glacier Silver Metallic/Imperial Blue Metallic/Dark Graphite Metallic/Mineral White Metallic/Jatoba Brown Metallic/Magellan Gray Metallic/Arctic Grey Metallic/Alpine White/Jet Black,Integral Active Steering:1150/Bowers & Wilkins Diamond Surround Sound System:3400/Rear-seat entertainment Professional:2700/M Sport Brakes:650/Night Vision with Pedestrian Detection:2300,96950
WMB,8,M850i xDrive Coupe,2019,Standard,4.4-liter BMW TwinPower Turbo V-8 engine,AWD,"18"" V-Spoke wheels/ style 642 with all-season run-flat tires/19"" V-Spoke wheels/ style 620 with all-season run-flat tires/20"" BMW Individual V-spoke wheels/ style 649i with performance run-flat tires",Canberra Beige Dakota Leather/Ivory White and Black Dakota Leather/Mocha Dakota Leather/Cognac Dakota Leather/Black Dakota Leather,Black Sapphire Metallic/Cashmere Silver Metallic/Glacier Silver Metallic/Imperial Blue Metallic/Dark Graphite Metallic/Mineral White Metallic/Jatoba Brown Metallic/Magellan Gray Metallic/Arctic Grey Metallic/Alpine White/Jet Black,M Carbon Roof:3000/Bowers & Wilkins Diamond Surround Sound System:3400/Night Vision with Pedestrian Detection:2300,111900
WMB,Z4,Z4 sDrive30i,2019,Sport line/M Sport,2.0-liter BMW TwinPower Turbo inline 4-cylinder,RWD,"18‚Äù M Double-spoke ferric grey wheels/ style 798M with performance non run-flat tires/18"" M Double-spoke orbit grey wheels/ style 798M with perf non run-flat tires/19"" M Double-spoke orbit grey wheels/ style 799M with perf non run-flat tires/19"" M Double-spoke jet black wheels/ style 799M with perf non run-flat tires",Black SensaTec,Alpine White/Black Sapphire Metallic/Glacier Silver Metallic/Mineral White Metallic/Mediterranean Blue Metallic/San Francisco Red,Remote Engine Start:300/Active Cruise Control:1200,49700
WMB,Alpina,ALPINA B6 xDrive Gran Coupe,2019,Standard,4.4 liter BMW TwinPower Turbo V-8/xDrive,AWD,"20"" ALPINA CLASSIC wheels/ style C15 with all-season non run-flat tires/20"" ALPINA CLASSIC wheels/ style C15 with performance non run-flat tires/21"" ALPINA CLASSIC wheels/ style CS16 with performance non run-flat tires",Canberra Beige Nappa Leather/Ivory White and Black Nappa Leather/Zagora Beige Nappa Leather/Mocha Nappa Leather/Cognac Nappa Leather/Black Nappa Leather,Black Sapphire Metallic/Glacier Silver Metallic/Mineral White Metallic/Magellan Gray Metallic/ALPINA Blue Metallic/ALPINA Green Metallic/Alpine White,Bang & Olufsen Sound System:3700/Night Vision with Pedestrian Detection:2300,124400
WMB,Alpina,ALPINA B7 xDrive,2019,Standard,4.4-liter/BMW TwinPower Turbo technology V-8 engine,AWD,"20"" ALPINA CLASSIC wheels/ style C15 with all-season non run-flat tires/20"" ALPINA CLASSIC wheels/ style C15 with performance non run-flat tires/21"" ALPINA CLASSIC wheels/ style CS16 with performance non run-flat tires",Canberra Beige Nappa Leather/Ivory White and Black Nappa Leather/Zagora Beige Nappa Leather/Mocha Nappa Leather/Cognac Nappa Leather/Black Nappa Leather,Black Sapphire Metallic/Glacier Silver Metallic/Mineral White Metallic/Magellan Gray Metallic/ALPINA Blue Metallic/ALPINA Green Metallic/Alpine White,Bowers & Wilkins Diamond Surround Sound System:3400/Rear-seat entertainment Professional:2700/Night Vision with Pedestrian Detection:2300,139350
WMBm,M2,M2 Competition,2019,Standard,3.0-liter BMW M TwinPower Turbo technology inline 6-cylinder,RWD,"19"" M Forged Black Y-Spoke Wheels Style 788 M with Mixed Performance Tires",Black Dakota Leather with blue stitching/Black Dakota Leather with orange stitching,Alpine White/Black Sapphire Metallic/Long Beach Blue Metallic/Sunset Orange Metallic/Hockenheim Silver Metallic,Moonroof:1050/M Double-clutch Transmission with Drivelogic:1290/M Driver's Package:2500,58900
WMBm,M3,M3 Sedan,2019,Standard,3.0 liter M TwinPower Turbo inline 6-cylinder,RWD,"18"" M V-spoke ferric grey wheels/ style 513M with performance non run-flat tires/19"" M Double-spoke forged wheels/ style 437M with performance non run-flat tires/19"" M Double-spoke forged black wheels/ style 437M with performance non run-flat tires",Black Extended Merino Leather/Cloth/Leather combination Carbonstructure Anthracite/Black/Silverstone Extended Merino Leather/Sakhir Orange/Black Extended Merino Leather/Sonoma Beige Extended Merino Leather/Silverstone Full Merino Leather/Sakhir Orange/Black Full Merino Leather/Sonoma Beige Full Merino Leather/Black Full Merino Leather,Alpine White/Black Sapphire Metallic/Mineral White Metallic/Mineral Grey Metallic/Austin Yellow Metallic/Yas Marina Blue Metallic/Sakhir Orange Metallic,M Driver's Package:2500,66500
WMBm,M4,M4 Coupe,2019,Standard,3.0 liter/inline 6-cylinder with M TwinPower Turbo Technology,RWD,"18"" M V-spoke ferric grey wheels/ style 513M with performance non run-flat tires/19"" M Double-spoke forged wheels/ style 437M with performance non run-flat tires/19"" M Double-spoke forged black wheels/ style 437M with performance non run-flat tires",Silverstone Extended Merino Leather/Sakhir Orange/Black Extended Merino Leather/Sonoma Beige Extended Merino Leather/Black Extended Merino Leather/Silverstone Full Merino Leather/Sakhir Orange/Black Full Merino Leather/Sonoma Beige Full Merino Leather/Black Full Merino Leather,Black Sapphire Metallic/Alpine White/Mineral White Metallic/Mineral Grey Metallic/Austin Yellow Metallic/Yas Marina Blue Metallic/Sakhir Orange Metallic,M Carbon Ceramic Brakes:8150/M Driver's Package:2500,69150
WMBm,M4,M4 Convertible,2019,Standard,3.0 liter/inline 6-cylinder with M TwinPower Turbo Technology,RWD,"18"" M V-spoke ferric grey wheels/ style 513M with performance non run-flat tires/19"" M Double-spoke forged wheels/ style 437M with performance non run-flat tires/19"" M Double-spoke forged black wheels/ style 437M with performance non run-flat tires",Silverstone Extended Merino Leather/Sakhir Orange/Black Extended Merino Leather/Sonoma Beige Extended Merino Leather/Black Extended Merino Leather/Silverstone Full Merino Leather/Sakhir Orange/Black Full Merino Leather/Sonoma Beige Full Merino Leather/Black Full Merino Leather,Black Sapphire Metallic/Alpine White/Mineral White Metallic/Mineral Grey Metallic/Austin Yellow Metallic/Yas Marina Blue Metallic/Sakhir Orange Metallic,M Carbon Ceramic Brakes:8150/M Driver's Package:2500,77650
WMBm,M5,M5 Sedan,2019,Standard,4.4-liter BMW M Performance TwinPower Turbo V-8 engine,AWD,"19"" M Double-spoke bi-color wheels/ style 705M with performance non run-flat tires/20"" M Double-spoke bi-color wheels/ style 706M with performance non run-flat tires/20"" M Double-spoke black wheels/ style 706M with performance non run-flat tires",Silverstone Extended Merino Leather/Aragon Brown Extended Merino Leather/Black Extended Merino Leather/Silverstone Full Merino Leather/Aragon Brown Full Merino Leather/Black Full Merino Leather,Black Sapphire Metallic/Singapore Gray Metallic/Snapper Rocks Blue Metallic/Marina Bay Blue metallic/Donington Grey Metallic/Bluestone Metallic/Alpine White,M Carbon Ceramic Brakes:8150/M Driver's Package:2500/Bowers & Wilkins Diamond Surround Sound System:3400/Rear-seat entertainment Professional:2200/Night Vision with Pedestrian Detection:2300,102700
WMBm,M5,M5 Competition,2019,Standard,4.4-liter BMW M Performance TwinPower Turbo V-8 engine,AWD,"19"" M Double-spoke bi-color wheels/ style 705M with performance non run-flat tires/20"" M Double-spoke bi-color wheels/ style 706M with performance non run-flat tires/20"" M Double-spoke black wheels/ style 706M with performance non run-flat tires",Silverstone Extended Merino Leather/Aragon Brown Extended Merino Leather/Black Extended Merino Leather/Silverstone Full Merino Leather/Aragon Brown Full Merino Leather/Black Full Merino Leather,Black Sapphire Metallic/Singapore Gray Metallic/Snapper Rocks Blue Metallic/Marina Bay Blue metallic/Donington Grey Metallic/Bluestone Metallic/Alpine White,M Carbon Ceramic Brakes:8150/M Driver's Package:2500/Bowers & Wilkins Diamond Surround Sound System:3400/Rear-seat entertainment Professional:2200/Night Vision with Pedestrian Detection:2300,110000
WMBm,M6,M6 Gran Coupe,2019,Standard,4.4-liter BMW M TwinPower Turbo V-8,RWD,"20"" M Double-spoke forged wheels/ style 343M with performance non run-flat tires/20"" M Double-spoke black gloss wheels/ style 433M with performance non run-flat tires/20"" M Double-spoke forged black wheels/ style 343M with performance non run-flat tires",Silverstone Extended Merino Leather/Sakhir Orange/Black Extended Merino Leather/Black Extended Merino Leather/Silverstone Full Merino Leather/Aragon Brown Full Merino Leather/Sakhir Orange/Black Full Merino Leather/Black Full Merino Leather,Black Sapphire Metallic/Silverstone Metallic/Space Gray Metallic/Singapore Gray Metallic/San Marino Blue metallic/Alpine White,M Carbon Ceramic Brakes:8150/M Driver's Package:2500/Night Vision with Pedestrian Detection:2300,119900
WMBi,i3,BMW i3,2019,Deka World/Mega World/Giga World/Tera World,AC Electric Motor,RWD,"19"" BMW i Turbine-spoke wheels/ style 429 with all-season non run-flat tires/20"" BMW i Double-spoke sport wheels/ style 430 with performance non run-flat tires",Deka Dark Cloth,Capparis White with BMW i Frozen Blue accent/Imperial Blue Metallic with Frozen Grey accent/Mineral Grey with BMW i Frozen Blue accent/Melbourne Red Metallic with Frozen Grey accent/Jucaro Beige Metallic with Frozen Grey Accent/Fluid Black with BMW I Frozen Blue accent,Moonroof:1000/Harman Kardon surround sound system:800,44450
WMBi,i8,BMW i8 Coupe,2019,Standard World/Tera World/Tera World Copper,AC Synchronous Electric Motor,AWD,"20"" BMWi Light Alloy Radial-spoke Bi-color Wheels style 516 with mixed tires/20"" BMWi Light Alloy Radial-spoke Jet Black Wheels style 516 with mixed tires/20"" BMW i Light Alloy W Spoke wheels style 470 with mixed tires",Giga Ivory White Full Perforated Leather/Giga Amido Full Perforated Leather,E-Copper with Frozen Grey Accent/Sophisto Grey Metallic with Frozen Grey accent/Sophisto Grey Metallic with BMW i Frozen Blue accent/Donington Grey/Crystal White Pearl Metallic with Frozen Grey accent/Crystal White Pearl Metallic with BMW i Frozen Blue accent,BMW Laserlight:6300,147500
WMBi,i8,BMW i8 Roadster,2019,Standard World/Tera World/Tera World Copper,AC Synchronous Electric Motor,AWD,"20"" BMWi Light Alloy Radial-spoke Bi-color Wheels style 516 with mixed tires/20"" BMWi Light Alloy Radial-spoke Jet Black Wheels style 516 with mixed tires/20"" BMW i Light Alloy W Spoke wheels style 470 with mixed tires",Giga Ivory White Full Perforated Leather/Giga Amido Full Perforated Leather,E-Copper with Frozen Grey Accent/Sophisto Grey Metallic with Frozen Grey accent/Sophisto Grey Metallic with BMW i Frozen Blue accent/Donington Grey/Crystal White Pearl Metallic with Frozen Grey accent/Crystal White Pearl Metallic with BMW i Frozen Blue accent,BMW Laserlight:6300,163300