Model,Color
M4 Convertible,Mineral Grey Metallic
M760i xDrive Sedan,Cashmere Silver Metallic
M4 Coupe,Sakhir Orange Metallic
xDrive28i,Mineral White Metallic
530i xDrive Sedan,Cashmere Silver Metallic
xDrive50i,Sunstone Metallic
xDrive40i,Sunstone Metallic
sDrive28i,Dark Olive Metallic
M4 Convertible,Mineral White Metallic
xDrive40i,Mineral White Metallic
ALPINA B6 xDrive Gran Coupe,ALPINA Blue Metallic
M4 Convertible,Austin Yellow Metallic
M550i xDrive Sedan,Dark Graphite Metallic
M5 Competition,Snapper Rocks Blue Metallic
xDrive30i,Alpine White
740i xDrive Sedan,Alpine White
540i Sedan,Atlas Cedar Metallic
xDrive30i,Jet Black
540i xDrive Sedan,Bluestone Metallic
330i Sedan,Mediterranean Blue Metallic
M35i,Galvanic Gold Metallic
M4 Coupe,Black Sapphire Metallic
xDrive28i,Estoril Blue Metallic
530e iPerformance,Alpine White
330i xDrive Sports Wagon,Portimao Blue Metallic
sDrive28i,Estoril Blue Metallic
sDrive30i,Dark Olive Metallic
M35i,Alpine White
ALPINA B6 xDrive Gran Coupe,ALPINA Green Metallic
xDrive30i,Terra Brown Metallic
330i xDrive Sedan,Black Sapphire Metallic
xDrive50i,Jed Black
ALPINA B6 xDrive Gran Coupe,Alpine White
sDrive28i,Misano Blue Metallic
BMW i3,Jucaro Beige Metallic with Frozen Grey Accent
sDrive30i,Jet Black
530e iPerformance,Mineral White Metallic
530i Sedan,Black Sapphire Metallic
ALPINA B7 xDrive,Alpine White
M850i xDrive Coupe,Imperial Blue Metallic
M5 Competition,Singapore Gray Metallic
xDrive50i,Glacier Silver Metallic
M40i,Dark Graphite Metallic
xDrive50i,Black Sapphire Metallic
BMW i3,Capparis White with BMW i Frozen Blue accent
M40i,Alpine White
740i Sedan,Imperial Blue Metallic
M5 Competition,Alpine White
sDrive28i,Black Sapphire Metallic
740e xDrive iPerformance,Cashmere Silver Metallic
M5 Sedan,Alpine White
M40i,Black Sapphire Metallic
xDrive35i,Jet Black
xDrive50i,Vermont Bronze Metallic
740i Sedan,Alpine White
M760i xDrive Sedan,Black Sapphire Metallic
540i Sedan,Cashmere Silver Metallic
M6 Gran Coupe,Alpine White
330i xDrive Sedan,Blue Ridge Mountain Metallic
640i xDrive Gran Turismo,Atlas Cedar Metallic
330i xDrive Sports Wagon,Blue Ridge Mountain Metallic
540i Sedan,Glacier Silver Metallic
540i xDrive Sedan,Black Sapphire Metallic
M760i xDrive Sedan,Imperial Blue Metallic
xDrive50i,Jet Black
xDrive35i,Azurite Black Metallic
M2 Competition,Sunset Orange Metallic
xDrive28i,Alpine White
xDrive30i,Mineral White Metallic
330i Sedan,Blue Ridge Mountain Metallic
330i xDrive Sports Wagon,Mineral White Metallic
330i xDrive Gran Turismo,Glacier Silver Metallic
BMW i8 Roadster,E-Copper with Frozen Grey Accent
sDrive28i,Alpine White
540i Sedan,Alpine White
530e xDrive iPerformance,Mineral White Metallic
740e xDrive iPerformance,Imperial Blue Metallic
xDrive50i,Flamenco Red Metallic
740i xDrive Sedan,Cashmere Silver Metallic
M760i xDrive Sedan,Arctic Grey Metallic
Z4 sDrive30i,San Francisco Red
sDrive28i,Mediterranean Blue Metallic
xDrive40i,Alpine White
330i xDrive Gran Turismo,Portimao Blue Metallic
740i Sedan,Cashmere Silver Metallic
xDrive30i,Dark Graphite Metallic
BMW i8 Coupe,Donington Grey
xDrive40i,Jed Black
BMW i3,Melbourne Red Metallic with Frozen Grey accent
640i xDrive Gran Turismo,Bluestone Metallic
750i Sedan,Imperial Blue Metallic
740e xDrive iPerformance,Glacier Silver Metallic
340i xDrive Gran Turismo,Melbourne Red Metallic with Frozen Grey accent
530i Sedan,Atlas Cedar Metallic
sDrive30i,Black Sapphire Metallic
BMW i8 Roadster,Sophisto Grey Metallic with Frozen Grey accent
540i Sedan,Mineral White Metallic
330i Sedan,Mineral Grey Metallic
750i xDrive Sedan,Jatoba Brown Metallic
M4 Convertible,Alpine White
M3 Sedan,Mineral White Metallic
xDrive28i,Mineral Grey Metallic
740i xDrive Sedan,Glacier Silver Metallic
M850i xDrive Coupe,Black Sapphire Metallic
M4 Convertible,Sakhir Orange Metallic
M40i,Glacier Silver Metallic
M4 Coupe,Austin Yellow Metallic
sDrive28i,Sparkling Brown Metallic
xDrive28i,Galvanic Gold Metallic
M40i,Carbon Black Metallic
M40i,Phytonic Blue Metallic
Z4 sDrive30i,Mineral White Metallic
M5 Sedan,Singapore Gray Metallic
740e xDrive iPerformance,Magellan Gray Metallic
330i xDrive Gran Turismo,Sunset Orange Metallic
530i Sedan,Cashmere Silver Metallic
BMW i3,Imperial Blue Metallic with Frozen Grey accent
M4 Convertible,Black Sapphire Metallic
540i xDrive Sedan,Cashmere Silver Metallic
Z4 sDrive30i,Black Sapphire Metallic
640i xDrive Gran Turismo,Jet Black
M850i xDrive Coupe,Dark Graphite Metallic
BMW i3,Fluid Black with BMW I Frozen Blue accent
sDrive35i,Atlas Ceder Metallic
750i Sedan,Jet Black
xDrive30i,Black Sapphire Metallic
M4 Convertible,Yas Marina Blue Metallic
M5 Competition,Bluestone Metallic
M5 Sedan,Marina Bay Blue metallic
xDrive35i,Space Gray Metallic
M760i xDrive Sedan,Alpine White
BMW i8 Roadster,Donington Grey
M550i xDrive Sedan,Carbon Black Metallic
540i Sedan,Jatoba Brown Metallic
M4 Coupe,Yas Marina Blue Metallic
740e xDrive iPerformance,Arctic Grey Metallic
sDrive28i,Jet Black
740e xDrive iPerformance,Mineral White Metallic
740i xDrive Sedan,Mineral White Metallic
BMW i8 Roadster,Sophisto Grey Metallic with BMW i Frozen Blue accent
330i Sedan,Jet Black
sDrive28i,Sunset Orange Metallic
M35i,Misano Blue Metallic
330i Sedan,Glacier Silver Metallic
M6 Gran Coupe,Space Gray Metallic
740i Sedan,Jet Black
750i Sedan,Mineral White Metallic
M3 Sedan,Sakhir Orange Metallic
530e iPerformance,Bluestone Metallic
530e xDrive iPerformance,Mediterranean Blue Metallic
sDrive35i,Flamenco Red Metallic
BMW i8 Coupe,E-Copper with Frozen Grey Accent
M4 Coupe,Alpine White
M35i,Sunset Orange Metallic
530i Sedan,Dark Graphite Metallic
Z4 sDrive30i,Alpine White
M5 Sedan,Bluestone Metallic
530i Sedan,Bluestone Metallic
330i xDrive Sports Wagon,Sunset Orange Metallic
M3 Sedan,Austin Yellow Metallic
530i xDrive Sedan,Glacier Silver Metallic
640i xDrive Gran Turismo,Mediterranean Blue Metallic
640i xDrive Gran Turismo,Cashmere Silver Metallic
M4 Coupe,Mineral White Metallic
330i Sedan,Portimao Blue Metallic
M5 Sedan,Black Sapphire Metallic
xDrive30i,Phytonic Blue Metallic
ALPINA B7 xDrive,Mineral White Metallic
xDrive28i,Misano Blue Metallic
330i xDrive Sports Wagon,Melbourne Red Metallic with Frozen Grey accent
530i xDrive Sedan,Imperial Blue Metallic
xDrive40i,Vermont Bronze Metallic
740i Sedan,Black Sapphire Metallic
xDrive30i,Dark Olive Metallic
750i Sedan,Jatoba Brown Metallic
740i xDrive Sedan,Jet Black
530i Sedan,Alpine White
530e xDrive iPerformance,Alpine White
750i Sedan,Arctic Grey Metallic
340i xDrive Gran Turismo,Vermont Bronze Metallic
330i xDrive Sedan,Mediterranean Blue Metallic
530e xDrive iPerformance,Cashmere Silver Metallic
530e xDrive iPerformance,Imperial Blue Metallic
740i xDrive Sedan,Arctic Grey Metallic
330i Sedan,Alpine White
xDrive50i,Space Gray Metallic
750i xDrive Sedan,Dark Graphite Metallic
540i Sedan,Black Sapphire Metallic
530e iPerformance,Jet Black
xDrive35i,Pearl Silver metallic
340i xDrive Gran Turismo,Glacier Silver Metallic
740e xDrive iPerformance,Alpine White
ALPINA B6 xDrive Gran Coupe,Black Sapphire Metallic
xDrive40i,Arctic Grey Metallic
Z4 sDrive30i,Mediterranean Blue Metallic
sDrive28i,Mineral White Metallic
M6 Gran Coupe,Silverstone Metallic
740e xDrive iPerformance,Black Sapphire Metallic
330i xDrive Gran Turismo,Alpine White
sDrive30i,Mineral White Metallic
740i Sedan,Glacier Silver Metallic
M5 Sedan,Donington Grey Metallic
530e xDrive iPerformance,Jatoba Brown Metallic
530e iPerformance,Jatoba Brown Metallic
xDrive50i,Alpine White
750i xDrive Sedan,Glacier Silver Metallic
530e xDrive iPerformance,Atlas Cedar Metallic
M6 Gran Coupe,Black Sapphire Metallic
330i Sedan,Mineral White Metallic
M2 Competition,Hockenheim Silver Metallic
330i Sedan,Black Sapphire Metallic
sDrive30i,Glacier Silver Metallic
530i xDrive Sedan,Bluestone Metallic
M760i xDrive Sedan,Dark Graphite Metallic
xDrive30i,Glacier Silver Metallic
330i xDrive Sedan,Portimao Blue Metallic
ALPINA B7 xDrive,Glacier Silver Metallic
sDrive35i,Dark Graphite Metallic
ALPINA B6 xDrive Gran Coupe,Magellan Gray Metallic
530e xDrive iPerformance,Black Sapphire Metallic
540i xDrive Sedan,Mineral White Metallic
640i xDrive Gran Turismo,Glacier Silver Metallic
740i Sedan,Arctic Grey Metallic
M760i xDrive Sedan,Glacier Silver Metallic
xDrive30i,Flamenco Red Metallic
xDrive40i,Black Sapphire Metallic
M3 Sedan,Mineral Grey Metallic
Z4 sDrive30i,Glacier Silver Metallic
sDrive35i,Dark Olive Metallic
BMW i8 Coupe,Sophisto Grey Metallic with Frozen Grey accent
M5 Competition,Marina Bay Blue metallic
740i xDrive Sedan,Jatoba Brown Metallic
xDrive28i,Mediterranean Blue Metallic
sDrive35i,Azurite Black Metallic
530i xDrive Sedan,Dark Graphite Metallic
BMW i8 Roadster,Crystal White Pearl Metallic with BMW i Frozen Blue accent
M850i xDrive Coupe,Jet Black
M5 Sedan,Snapper Rocks Blue Metallic
xDrive50i,Atlas Ceder Metallic
340i xDrive Gran Turismo,Blue Ridge Mountain Metallic
sDrive30i,Phytonic Blue Metallic
640i xDrive Gran Turismo,Imperial Blue Metallic
xDrive28i,Glacier Silver Metallic
xDrive50i,Arctic Grey Metallic
540i xDrive Sedan,Jatoba Brown Metallic
sDrive35i,Alpine White
M550i xDrive Sedan,Mediterranean Blue Metallic
xDrive50i,Dark Olive Metallic
ALPINA B7 xDrive,ALPINA Blue Metallic
M550i xDrive Sedan,Alpine White
M850i xDrive Coupe,Jatoba Brown Metallic
xDrive28i,Sunset Orange Metallic
M5 Competition,Donington Grey Metallic
340i xDrive Gran Turismo,Mineral White Metallic
M6 Gran Coupe,Singapore Gray Metallic
330i xDrive Sedan,Glacier Silver Metallic
M850i xDrive Coupe,Cashmere Silver Metallic
750i Sedan,Cashmere Silver Metallic
ALPINA B6 xDrive Gran Coupe,Glacier Silver Metallic
M5 Competition,Black Sapphire Metallic
530e xDrive iPerformance,Bluestone Metallic
340i xDrive Gran Turismo,Sunset Orange Metallic
ALPINA B7 xDrive,Magellan Gray Metallic
BMW i8 Coupe,Crystal White Pearl Metallic with Frozen Grey accent
750i Sedan,Alpine White
M35i,Mineral Grey Metallic
M760i xDrive Sedan,Mineral White Metallic
M6 Gran Coupe,San Marino Blue metallic
340i xDrive Gran Turismo,Black Sapphire Metallic
xDrive50i,Ruby Black Metallic
540i xDrive Sedan,Dark Graphite Metallic
540i xDrive Sedan,Glacier Silver Metallic
740e xDrive iPerformance,Jet Black
330i xDrive Sports Wagon,Mineral Grey Metallic
M2 Competition,Long Beach Blue Metallic
M550i xDrive Sedan,Black Sapphire Metallic
sDrive35i,Black Sapphire Metallic
