VIN,OptionalUpgrade,OptionalUpgradeCost
ITR8G5GRFVO35SIJG,Bowers & Wilkins Diamond Surround Sound System,3400
ITR8G5GRFVO35SIJG,Rear-seat entertainment Professional,2700
ITR8G5GRFVO35SIJG,Night Vision with Pedestrian Detection,2300
6OIIFI92OYDPZ1IMW,Panoramic Moonroof,1350
6OIIFI92OYDPZ1IMW,Rear Spoiler,150
6OIIFI92OYDPZ1IMW,Harman Kardon surround sound system,875
6OIIFI92OYDPZ1IMW,M Sport Suspension,400
6OIIFI92OYDPZ1IMW,Active Driving Assistant,1000
KZTX0GRQ8M6H4SQLJ,M Carbon Ceramic Brakes,8150
KZTX0GRQ8M6H4SQLJ,M Drivers Package,2500
ZREG6RWGDV9OPYJDD,Panoramic Moonroof,1350
ZREG6RWGDV9OPYJDD,Harman Kardon surround sound system,875
ZREG6RWGDV9OPYJDD,Dynamic Damper Control,1000
ZREG6RWGDV9OPYJDD,Active Cruise Control,1200
NKUT42HNAHBG4HTS6,Bowers & Wilkins Diamond Surround Sound System,3400
NKUT42HNAHBG4HTS6,Rear-seat entertainment Professional,2200
NKUT42HNAHBG4HTS6,Active Cruise Control,1200
NKUT42HNAHBG4HTS6,Night Vision with Pedestrian Detection,2300
AXOTZ9W6M4K6GDMJ8,Bowers & Wilkins Diamond Surround Sound System,3400
AXOTZ9W6M4K6GDMJ8,Rear-seat entertainment Professional,2700
AXOTZ9W6M4K6GDMJ8,Night Vision with Pedestrian Detection,2300
LFQ3K28JSVR6Y1XRQ,M Carbon Ceramic Brakes,8150
LFQ3K28JSVR6Y1XRQ,M Drivers Package,2500
UEF1E0E3PSY10BR0U,Harman Kardon surround sound system,875
UEF1E0E3PSY10BR0U,Adaptive M Suspension,700
UEF1E0E3PSY10BR0U,Active Cruise Control,1200
U9RF18IO7XYDMOPK2,Panoramic Moonroof,1350
U9RF18IO7XYDMOPK2,Harman Kardon surround sound system,875
U9RF18IO7XYDMOPK2,Dynamic Damper Control,1000
U9RF18IO7XYDMOPK2,Active Cruise Control,1200
J96X2RJBA188187LS,Panoramic Moonroof,1350
J96X2RJBA188187LS,Harman Kardon surround sound system,875
J96X2RJBA188187LS,Dynamic Damper Control,500
J96X2RJBA188187LS,Active Driving Assistant,1000
NDLYHCO99QNPNTZ0H,Bang & Olufsen Sound System,3700
NDLYHCO99QNPNTZ0H,Night Vision with Pedestrian Detection,2300
V23BPOCTASMVAK2U3,Panoramic Moonroof,1350
V23BPOCTASMVAK2U3,Harman Kardon surround sound system,875
V23BPOCTASMVAK2U3,Dynamic Damper Control,1000
V23BPOCTASMVAK2U3,Active Cruise Control,1200
F5YXJA4NRUHWIRDHN,Panoramic Moonroof,1350
F5YXJA4NRUHWIRDHN,Harman Kardon surround sound system,875
F5YXJA4NRUHWIRDHN,Dynamic Damper Control,1000
F5YXJA4NRUHWIRDHN,Active Cruise Control,1200
GXKKERSVAZ9OOBC1U,Bang & Olufsen Sound System,3700
GXKKERSVAZ9OOBC1U,Night Vision with Pedestrian Detection,2300
GQ8687CHH0BRIPPS5,Panoramic Moonroof,1350
GQ8687CHH0BRIPPS5,Rear Spoiler,150
GQ8687CHH0BRIPPS5,Harman Kardon surround sound system,875
GQ8687CHH0BRIPPS5,M Sport Suspension,400
GQ8687CHH0BRIPPS5,Active Driving Assistant,1000
ZLUP9C16FK5PBL7S4,Panoramic Moonroof,1350
ZLUP9C16FK5PBL7S4,Harman Kardon surround sound system,875
ZLUP9C16FK5PBL7S4,Dynamic Damper Control,1000
ZLUP9C16FK5PBL7S4,Active Cruise Control,1200
2V1TF3Y38CKYBWUDB,Bowers & Wilkins Diamond Surround Sound System,3400
2V1TF3Y38CKYBWUDB,Rear-seat entertainment Professional,2700
2V1TF3Y38CKYBWUDB,Night Vision with Pedestrian Detection,2300
5SMYYEC1TXQF6T2YU,M Carbon Ceramic Brakes,8150
5SMYYEC1TXQF6T2YU,M Drivers Package,2500
5SMYYEC1TXQF6T2YU,Bowers & Wilkins Diamond Surround Sound System,3400
5SMYYEC1TXQF6T2YU,Rear-seat entertainment Professional,2200
5SMYYEC1TXQF6T2YU,Night Vision with Pedestrian Detection,2300
7MPS8QTUQQTKY8UH8,Harman Kardon surround sound system,875
7MPS8QTUQQTKY8UH8,Active Cruise Control,1200
NRZWQYGME2Y3QYT1H,Bowers & Wilkins Diamond Surround Sound System,3400
NRZWQYGME2Y3QYT1H,Rear-seat entertainment Professional,2700
NRZWQYGME2Y3QYT1H,Night Vision with Pedestrian Detection,2300
5G17MRTBGQVLOIPXA,Bowers & Wilkins Diamond Surround Sound System,3400
5G17MRTBGQVLOIPXA,Rear-seat entertainment Professional,2700
5G17MRTBGQVLOIPXA,Night Vision with Pedestrian Detection,2300
GXXPXMUC8XWA8DYQA,Integral Active Steering,1150
GXXPXMUC8XWA8DYQA,Bowers & Wilkins Diamond Surround Sound System,3400
GXXPXMUC8XWA8DYQA,Rear-seat entertainment Professional,2700
GXXPXMUC8XWA8DYQA,M Sport Brakes,650
GXXPXMUC8XWA8DYQA,Night Vision with Pedestrian Detection,2300
5V78PSKDYJTGNUX93,M Carbon Ceramic Brakes,8150
5V78PSKDYJTGNUX93,M Drivers Package,2500
5V78PSKDYJTGNUX93,Bowers & Wilkins Diamond Surround Sound System,3400
5V78PSKDYJTGNUX93,Rear-seat entertainment Professional,2200
5V78PSKDYJTGNUX93,Night Vision with Pedestrian Detection,2300
IC9OXIXFQ2LG8TUU8,Bowers & Wilkins Diamond Surround Sound System,3400
IC9OXIXFQ2LG8TUU8,Rear-seat entertainment Professional,2700
IC9OXIXFQ2LG8TUU8,Night Vision with Pedestrian Detection,2300
X3LR12ZA574RYCFXJ,Bowers & Wilkins Diamond Surround Sound System,3400
X3LR12ZA574RYCFXJ,Rear-seat entertainment Professional,2700
X3LR12ZA574RYCFXJ,Night Vision with Pedestrian Detection,2300
5DQ8P5UOW5V7IA06X,Bowers & Wilkins Diamond Surround Sound System,3400
5DQ8P5UOW5V7IA06X,Rear-seat entertainment Professional,2700
5DQ8P5UOW5V7IA06X,Night Vision with Pedestrian Detection,2300
4IY2OAF7P2ZOD5I2P,M Carbon Ceramic Brakes,8150
4IY2OAF7P2ZOD5I2P,M Drivers Package,2500
4IY2OAF7P2ZOD5I2P,Night Vision with Pedestrian Detection,2300
U3KWX2X31WJZIM6QH,Harman Kardon surround sound system,875
U3KWX2X31WJZIM6QH,Adaptive M Suspension,700
U3KWX2X31WJZIM6QH,Active Cruise Control,1200
UZX8NR8FH96W7PM9F,Integral Active Steering,1150
UZX8NR8FH96W7PM9F,Bowers & Wilkins Diamond Surround Sound System,4200
UZX8NR8FH96W7PM9F,Rear-seat entertainment Professional,2200
UZX8NR8FH96W7PM9F,M Sport Brakes,650
UZX8NR8FH96W7PM9F,Active Cruise Control,1200
UZX8NR8FH96W7PM9F,Night Vision with Pedestrian Detection,2300
DU0EK4ZF2MMXO6LJ0,Moonroof,1050
DU0EK4ZF2MMXO6LJ0,M Double-clutch Transmission with Drivelogic,1290
DU0EK4ZF2MMXO6LJ0,M Drivers Package,2500
7MJG8RO7KJZOA7DD5,Bowers & Wilkins Diamond Surround Sound System,3400
7MJG8RO7KJZOA7DD5,Rear-seat entertainment Professional,2700
7MJG8RO7KJZOA7DD5,Night Vision with Pedestrian Detection,2300
MB9FX0PUOK5GTWNCE,Harman Kardon surround sound system,875
MB9FX0PUOK5GTWNCE,Dynamic Damper Control,1000
MB9FX0PUOK5GTWNCE,Active Cruise Control,1200
Q2HFIBQLNXSIV7GYP,BMW Laserlight,6300
F45IZX965BZHEA0C8,Bowers & Wilkins Diamond Surround Sound System,3400
F45IZX965BZHEA0C8,Rear-seat entertainment Professional,2700
F45IZX965BZHEA0C8,Night Vision with Pedestrian Detection,2300
DA1T6WTPORX7RC42M,Panoramic Moonroof,1350
DA1T6WTPORX7RC42M,Harman Kardon surround sound system,875
DA1T6WTPORX7RC42M,Dynamic Damper Control,1000
DA1T6WTPORX7RC42M,Active Cruise Control,1200
02898Z3A95N5K1KJ6,Bowers & Wilkins Diamond Surround Sound System,3400
02898Z3A95N5K1KJ6,Rear-seat entertainment Professional,2700
02898Z3A95N5K1KJ6,Night Vision with Pedestrian Detection,2300
6YXW3NMTMNZRJX7O6,Bang & Olufsen Sound System,3700
6YXW3NMTMNZRJX7O6,Night Vision with Pedestrian Detection,2300
L2B2BQLT0UZN89VWY,Bowers & Wilkins Diamond Surround Sound System,3400
L2B2BQLT0UZN89VWY,Rear-seat entertainment Professional,2700
L2B2BQLT0UZN89VWY,Night Vision with Pedestrian Detection,2300
MTMERA9AIVVW2OIGI,Bowers & Wilkins Diamond Surround Sound System,3400
MTMERA9AIVVW2OIGI,Rear-seat entertainment Professional,2700
MTMERA9AIVVW2OIGI,Night Vision with Pedestrian Detection,2300
LGM6AOZK3QXNOVU17,Bowers & Wilkins Diamond Surround Sound System,3400
LGM6AOZK3QXNOVU17,Rear-seat entertainment Professional,2700
LGM6AOZK3QXNOVU17,Night Vision with Pedestrian Detection,2300
N3ICL0030FVTXKA96,Bowers & Wilkins Diamond Surround Sound System,3400
N3ICL0030FVTXKA96,Rear-seat entertainment Professional,2700
N3ICL0030FVTXKA96,Night Vision with Pedestrian Detection,2300
FEWJ3LT8FZH5YOWHC,Remote Engine Start,300
FEWJ3LT8FZH5YOWHC,Integral Active Steering,1150
FEWJ3LT8FZH5YOWHC,Bowers & Wilkins Diamond Surround Sound System,4200
FEWJ3LT8FZH5YOWHC,Rear-seat entertainment Professional,2200
FEWJ3LT8FZH5YOWHC,M Sport Brakes,650
GRADS3GRNE4NJIKMV,Harman Kardon surround sound system,875
GRADS3GRNE4NJIKMV,Active Cruise Control,1200
5BCH34VSQG1SYBHO7,Bowers & Wilkins Diamond Surround Sound System,3400
5BCH34VSQG1SYBHO7,Rear-seat entertainment Professional,2700
5BCH34VSQG1SYBHO7,Night Vision with Pedestrian Detection,2300
P6Q75PNAKQZM4C8Q7,Panoramic Moonroof,1350
P6Q75PNAKQZM4C8Q7,Harman Kardon surround sound system,875
P6Q75PNAKQZM4C8Q7,Dynamic Damper Control,1000
P6Q75PNAKQZM4C8Q7,Active Cruise Control,1200
OL0VM8J9JBK37MDHA,BMW Laserlight,6300
100BDEFXL919V29U0,Bowers & Wilkins Diamond Surround Sound System,3400
100BDEFXL919V29U0,Rear-seat entertainment Professional,2700
100BDEFXL919V29U0,Night Vision with Pedestrian Detection,2300
KY699AK5QTI8Q0Y4C,Moonroof,1050
KY699AK5QTI8Q0Y4C,M Double-clutch Transmission with Drivelogic,1290
KY699AK5QTI8Q0Y4C,M Drivers Package,2500
U5OW81UR2PZ6O67JZ,Harman Kardon surround sound system,875
U5OW81UR2PZ6O67JZ,Adaptive M Suspension,700
U5OW81UR2PZ6O67JZ,Active Cruise Control,1200
6OB6DNP8LF4NRRVY1,Panoramic Moonroof,1350
6OB6DNP8LF4NRRVY1,Harman Kardon surround sound system,875
6OB6DNP8LF4NRRVY1,Dynamic Damper Control,1000
6OB6DNP8LF4NRRVY1,Active Cruise Control,1200
Z5L8HLE673H87ZNSE,BMW Laserlight,6300
PFVZM2VUA5Q2ALS7O,M Carbon Ceramic Brakes,8150
PFVZM2VUA5Q2ALS7O,M Drivers Package,2500
PFVZM2VUA5Q2ALS7O,Bowers & Wilkins Diamond Surround Sound System,3400
PFVZM2VUA5Q2ALS7O,Rear-seat entertainment Professional,2200
PFVZM2VUA5Q2ALS7O,Night Vision with Pedestrian Detection,2300
38FFSZM3QZKO61M72,Panoramic Moonroof,1350
38FFSZM3QZKO61M72,Harman Kardon surround sound system,875
38FFSZM3QZKO61M72,Dynamic Damper Control,500
38FFSZM3QZKO61M72,Active Driving Assistant,1000
N76MBSB77DAC8O8QY,M Carbon Ceramic Brakes,8150
N76MBSB77DAC8O8QY,M Drivers Package,2500
EAYJB1BGVFPRRWXN7,M Carbon Ceramic Brakes,8150
EAYJB1BGVFPRRWXN7,M Drivers Package,2500
2GDFIENGUZFQ5CTIX,M Carbon Ceramic Brakes,8150
2GDFIENGUZFQ5CTIX,M Drivers Package,2500
2GDFIENGUZFQ5CTIX,Bowers & Wilkins Diamond Surround Sound System,3400
2GDFIENGUZFQ5CTIX,Rear-seat entertainment Professional,2200
2GDFIENGUZFQ5CTIX,Night Vision with Pedestrian Detection,2300
L6W3RPZUELASMEKMW,Sport Seats,400
L6W3RPZUELASMEKMW,Harman Kardon surround sound system,875
L6W3RPZUELASMEKMW,M Sport Suspension,400
L6W3RPZUELASMEKMW,Active Driving Assistant,1000
HDPSLQUX35HRQGGMF,Bowers & Wilkins Diamond Surround Sound System,3400
HDPSLQUX35HRQGGMF,Rear-seat entertainment Professional,2700
HDPSLQUX35HRQGGMF,Night Vision with Pedestrian Detection,2300
SBADQ3RZZGYDJXGAX,Harman Kardon surround sound system,875
SBADQ3RZZGYDJXGAX,Adaptive M Suspension,700
SBADQ3RZZGYDJXGAX,Active Cruise Control,1200
5UCAXTSMTC65BPWKJ,M Drivers Package,2500
SRXEXDB1MWBV7K0HU,Bowers & Wilkins Diamond Surround Sound System,3400
SRXEXDB1MWBV7K0HU,Rear-seat entertainment Professional,2700
SRXEXDB1MWBV7K0HU,Night Vision with Pedestrian Detection,2300
J7JE6EFBXR7FETM6K,Panoramic Moonroof,1350
J7JE6EFBXR7FETM6K,Harman Kardon surround sound system,875
J7JE6EFBXR7FETM6K,Dynamic Damper Control,1000
J7JE6EFBXR7FETM6K,Active Cruise Control,1200
EXW8U6AKDBTHGTR85,Sport Seats,400
EXW8U6AKDBTHGTR85,Harman Kardon surround sound system,875
EXW8U6AKDBTHGTR85,M Sport Suspension,400
EXW8U6AKDBTHGTR85,Active Driving Assistant,1000
HB8IN2S89I0I66FTL,Bowers & Wilkins Diamond Surround Sound System,3400
HB8IN2S89I0I66FTL,Rear-seat entertainment Professional,2700
HB8IN2S89I0I66FTL,Night Vision with Pedestrian Detection,2300
WJR9YHBW9OLA3F2BG,Remote Engine Start,300
WJR9YHBW9OLA3F2BG,Integral Active Steering,1150
WJR9YHBW9OLA3F2BG,2-axle air suspension,1000
WJR9YHBW9OLA3F2BG,Bowers & Wilkins Diamond Surround Sound System,3400
WJR9YHBW9OLA3F2BG,Active Cruise Control,800
WJR9YHBW9OLA3F2BG,Night Vision with Pedestrian Detection,2300
0P0TM124BC5SK8JZU,Panoramic Moonroof,1350
0P0TM124BC5SK8JZU,Harman Kardon surround sound system,875
0P0TM124BC5SK8JZU,Dynamic Damper Control,1000
0P0TM124BC5SK8JZU,Active Cruise Control,1200
MTSL4CF8V3MXZV4YB,Harman Kardon surround sound system,875
MTSL4CF8V3MXZV4YB,Adaptive M Suspension,700
MTSL4CF8V3MXZV4YB,Active Cruise Control,1200
XKACFRXVARW9Q0XQR,Bowers & Wilkins Diamond Surround Sound System,3400
XKACFRXVARW9Q0XQR,Rear-seat entertainment Professional,2700
XKACFRXVARW9Q0XQR,Night Vision with Pedestrian Detection,2300
5G7TUA5BF9AHW238Z,M Carbon Ceramic Brakes,8150
5G7TUA5BF9AHW238Z,M Drivers Package,2500
BB8SMZSR3XHM32PNM,M Carbon Ceramic Brakes,8150
BB8SMZSR3XHM32PNM,M Drivers Package,2500
BB8SMZSR3XHM32PNM,Bowers & Wilkins Diamond Surround Sound System,3400
BB8SMZSR3XHM32PNM,Rear-seat entertainment Professional,2200
BB8SMZSR3XHM32PNM,Night Vision with Pedestrian Detection,2300
AGRLIE3ZGS69PJVGN,M Carbon Ceramic Brakes,8150
AGRLIE3ZGS69PJVGN,M Drivers Package,2500
AGRLIE3ZGS69PJVGN,Bowers & Wilkins Diamond Surround Sound System,3400
AGRLIE3ZGS69PJVGN,Rear-seat entertainment Professional,2200
AGRLIE3ZGS69PJVGN,Night Vision with Pedestrian Detection,2300
HOXKWG1RDCCSYUZRS,Bowers & Wilkins Diamond Surround Sound System,3400
HOXKWG1RDCCSYUZRS,Rear-seat entertainment Professional,2700
HOXKWG1RDCCSYUZRS,Night Vision with Pedestrian Detection,2300
Q5YPMPGIVUIMBWZDF,M Carbon Ceramic Brakes,8150
Q5YPMPGIVUIMBWZDF,M Drivers Package,2500
Q5YPMPGIVUIMBWZDF,Bowers & Wilkins Diamond Surround Sound System,3400
Q5YPMPGIVUIMBWZDF,Rear-seat entertainment Professional,2200
Q5YPMPGIVUIMBWZDF,Night Vision with Pedestrian Detection,2300
15GQ9YFQZ8LA270UT,Bowers & Wilkins Diamond Surround Sound System,3400
15GQ9YFQZ8LA270UT,Rear-seat entertainment Professional,2700
15GQ9YFQZ8LA270UT,Night Vision with Pedestrian Detection,2300
LTLHX2AQ9B9YAC32F,BMW Laserlight,6300
D1TKTN8XPCFKGNEHR,Bowers & Wilkins Diamond Surround Sound System,3400
D1TKTN8XPCFKGNEHR,Rear-seat entertainment Professional,2200
D1TKTN8XPCFKGNEHR,Active Cruise Control,1200
D1TKTN8XPCFKGNEHR,Night Vision with Pedestrian Detection,2300
DDBE199UDRQDDNANU,M Drivers Package,2500
60RPVE1LJPE1Y35PI,M Carbon Ceramic Brakes,8150
60RPVE1LJPE1Y35PI,M Drivers Package,2500
60RPVE1LJPE1Y35PI,Bowers & Wilkins Diamond Surround Sound System,3400
60RPVE1LJPE1Y35PI,Rear-seat entertainment Professional,2200
60RPVE1LJPE1Y35PI,Night Vision with Pedestrian Detection,2300
J2UU5HFDTSZMSXZMJ,M Carbon Ceramic Brakes,8150
J2UU5HFDTSZMSXZMJ,M Drivers Package,2500
J2UU5HFDTSZMSXZMJ,Bowers & Wilkins Diamond Surround Sound System,3400
J2UU5HFDTSZMSXZMJ,Rear-seat entertainment Professional,2200
J2UU5HFDTSZMSXZMJ,Night Vision with Pedestrian Detection,2300
4EGYG9B87RKZFQ115,Integral Active Steering,1150
4EGYG9B87RKZFQ115,Bowers & Wilkins Diamond Surround Sound System,3400
4EGYG9B87RKZFQ115,Rear-seat entertainment Professional,2700
4EGYG9B87RKZFQ115,M Sport Brakes,650
4EGYG9B87RKZFQ115,Night Vision with Pedestrian Detection,2300
HQTQHFLPV41EZ1M9J,BMW Laserlight,6300
7MXNSZHTI6YDRUNDJ,Panoramic Moonroof,1350
7MXNSZHTI6YDRUNDJ,Harman Kardon surround sound system,875
7MXNSZHTI6YDRUNDJ,Dynamic Damper Control,1000
7MXNSZHTI6YDRUNDJ,Active Cruise Control,1200
GLHYJVL2FC7HMKYQV,Sport Seats,400
GLHYJVL2FC7HMKYQV,Harman Kardon surround sound system,875
GLHYJVL2FC7HMKYQV,M Sport Suspension,400
GLHYJVL2FC7HMKYQV,Active Driving Assistant,1000
AY0BVKF4RMNX87WM6,Bowers & Wilkins Diamond Surround Sound System,3400
AY0BVKF4RMNX87WM6,Rear-seat entertainment Professional,2700
AY0BVKF4RMNX87WM6,Night Vision with Pedestrian Detection,2300
Z5N3JXDOL0FGIC9XI,Bowers & Wilkins Diamond Surround Sound System,3400
Z5N3JXDOL0FGIC9XI,Rear-seat entertainment Professional,2700
Z5N3JXDOL0FGIC9XI,Night Vision with Pedestrian Detection,2300
90QRBNZNBKZB3LU6D,Remote Engine Start,300
90QRBNZNBKZB3LU6D,Harman Kardon surround sound system,875
90QRBNZNBKZB3LU6D,Active Cruise Control,1200
AG3LYV2FHWD8OW66V,Moonroof,1000
AG3LYV2FHWD8OW66V,Harman Kardon surround sound system,800
T0QEKXGO127Z9JDBI,Moonroof,1000
T0QEKXGO127Z9JDBI,Harman Kardon surround sound system,800
MX9525846PAIT8TZL,Integral Active Steering,1150
MX9525846PAIT8TZL,Bowers & Wilkins Diamond Surround Sound System,3400
MX9525846PAIT8TZL,Rear-seat entertainment Professional,2700
MX9525846PAIT8TZL,M Sport Brakes,650
MX9525846PAIT8TZL,Night Vision with Pedestrian Detection,2300
YEQD5JLMCVIK35998,Panoramic Moonroof,1350
YEQD5JLMCVIK35998,Harman Kardon surround sound system,875
YEQD5JLMCVIK35998,Dynamic Damper Control,500
YEQD5JLMCVIK35998,Active Driving Assistant,1000
22F19QPR53XZAVX0J,Panoramic Moonroof,1350
22F19QPR53XZAVX0J,Harman Kardon surround sound system,875
22F19QPR53XZAVX0J,Dynamic Damper Control,1000
22F19QPR53XZAVX0J,Active Cruise Control,1200
QKJWF11JH0FHUJ87W,Integral Active Steering,1150
QKJWF11JH0FHUJ87W,Bowers & Wilkins Diamond Surround Sound System,3400
QKJWF11JH0FHUJ87W,Rear-seat entertainment Professional,2700
QKJWF11JH0FHUJ87W,M Sport Brakes,650
QKJWF11JH0FHUJ87W,Night Vision with Pedestrian Detection,2300
9VL0BIS2JMQ42QD2H,M Carbon Ceramic Brakes,8150
9VL0BIS2JMQ42QD2H,M Drivers Package,2500
9VL0BIS2JMQ42QD2H,Bowers & Wilkins Diamond Surround Sound System,3400
9VL0BIS2JMQ42QD2H,Rear-seat entertainment Professional,2200
9VL0BIS2JMQ42QD2H,Night Vision with Pedestrian Detection,2300
OSEU90QG7PEIJOQLX,Panoramic Moonroof,1350
OSEU90QG7PEIJOQLX,Harman Kardon surround sound system,875
OSEU90QG7PEIJOQLX,Dynamic Damper Control,500
OSEU90QG7PEIJOQLX,Active Driving Assistant,1000
PIABQQN9DT1VEF4BC,Panoramic Moonroof,1350
PIABQQN9DT1VEF4BC,Harman Kardon surround sound system,875
PIABQQN9DT1VEF4BC,Dynamic Damper Control,500
PIABQQN9DT1VEF4BC,Active Driving Assistant,1000
T35S5PGTN1PGVI0F6,M Drivers Package,2500
F44YENH9K3EXW3EJQ,Remote Engine Start,300
F44YENH9K3EXW3EJQ,Active Cruise Control,1200
EW1UG3VR63LMO0MTM,Bowers & Wilkins Diamond Surround Sound System,3400
EW1UG3VR63LMO0MTM,Rear-seat entertainment Professional,2700
EW1UG3VR63LMO0MTM,Night Vision with Pedestrian Detection,2300
3JNG80YPK8GOZOHLK,Moonroof,1050
3JNG80YPK8GOZOHLK,M Double-clutch Transmission with Drivelogic,1290
3JNG80YPK8GOZOHLK,M Drivers Package,2500
PTB98N366CLCTPTN5,M Drivers Package,2500
DO57MADPGO880MZ7I,Integral Active Steering,1150
DO57MADPGO880MZ7I,Bowers & Wilkins Diamond Surround Sound System,3400
DO57MADPGO880MZ7I,Rear-seat entertainment Professional,2700
DO57MADPGO880MZ7I,M Sport Brakes,650
DO57MADPGO880MZ7I,Night Vision with Pedestrian Detection,2300
L6GH96K4ISL7YA24T,Remote Engine Start,300
L6GH96K4ISL7YA24T,Active Cruise Control,1200
C035IA7OOJCA2X57F,M Carbon Ceramic Brakes,8150
C035IA7OOJCA2X57F,M Drivers Package,2500
5M5UJGOD6A8185V4H,M Carbon Ceramic Brakes,8150
5M5UJGOD6A8185V4H,M Drivers Package,2500
I5A5KA917XLO8JGB6,M Carbon Roof,3000
I5A5KA917XLO8JGB6,Bowers & Wilkins Diamond Surround Sound System,3400
I5A5KA917XLO8JGB6,Night Vision with Pedestrian Detection,2300
I84OF6MDFARUP2FV9,Bang & Olufsen Sound System,3700
I84OF6MDFARUP2FV9,Night Vision with Pedestrian Detection,2300
GOXS41FHBDEKBA12H,Panoramic Moonroof,1350
GOXS41FHBDEKBA12H,Rear Spoiler,150
GOXS41FHBDEKBA12H,Harman Kardon surround sound system,875
GOXS41FHBDEKBA12H,M Sport Suspension,400
GOXS41FHBDEKBA12H,Active Driving Assistant,1000
USQK71U4ZYWZJV5YB,Harman Kardon surround sound system,875
USQK71U4ZYWZJV5YB,Adaptive M Suspension,700
USQK71U4ZYWZJV5YB,Active Cruise Control,1200
HH9FZZCUABHY117BB,Bowers & Wilkins Diamond Surround Sound System,3400
HH9FZZCUABHY117BB,Rear-seat entertainment Professional,2700
HH9FZZCUABHY117BB,Night Vision with Pedestrian Detection,2300
Y0ZHH7Z01IHDDKG5M,Integral Active Steering,1150
Y0ZHH7Z01IHDDKG5M,Bowers & Wilkins Diamond Surround Sound System,3400
Y0ZHH7Z01IHDDKG5M,Rear-seat entertainment Professional,2700
Y0ZHH7Z01IHDDKG5M,M Sport Brakes,650
Y0ZHH7Z01IHDDKG5M,Night Vision with Pedestrian Detection,2300
S112CPL54ZI9R3IG3,Panoramic Moonroof,1350
S112CPL54ZI9R3IG3,Harman Kardon surround sound system,875
S112CPL54ZI9R3IG3,Dynamic Damper Control,1000
S112CPL54ZI9R3IG3,Active Cruise Control,1200
V6MW7Z66ZXPZI78VI,Panoramic Moonroof,1350
V6MW7Z66ZXPZI78VI,Harman Kardon surround sound system,875
V6MW7Z66ZXPZI78VI,Dynamic Damper Control,1000
V6MW7Z66ZXPZI78VI,Active Cruise Control,1200
8FK2JY3FLTU7N8JDG,M Carbon Ceramic Brakes,8150
8FK2JY3FLTU7N8JDG,M Drivers Package,2500
8FK2JY3FLTU7N8JDG,Bowers & Wilkins Diamond Surround Sound System,3400
8FK2JY3FLTU7N8JDG,Rear-seat entertainment Professional,2200
8FK2JY3FLTU7N8JDG,Night Vision with Pedestrian Detection,2300
V81HO2I9TREXKUFYF,M Carbon Ceramic Brakes,8150
V81HO2I9TREXKUFYF,M Drivers Package,2500
V81HO2I9TREXKUFYF,Bowers & Wilkins Diamond Surround Sound System,3400
V81HO2I9TREXKUFYF,Rear-seat entertainment Professional,2200
V81HO2I9TREXKUFYF,Night Vision with Pedestrian Detection,2300
4107QPIQECTE8X1CC,Active Cruise Control,1200
KGK1DOFAW7L8LVTJ2,Moonroof,1050
KGK1DOFAW7L8LVTJ2,M Double-clutch Transmission with Drivelogic,1290
KGK1DOFAW7L8LVTJ2,M Drivers Package,2500
UA9CVSMKH75RQFARX,Panoramic Moonroof,1350
UA9CVSMKH75RQFARX,Harman Kardon surround sound system,875
UA9CVSMKH75RQFARX,Dynamic Damper Control,500
UA9CVSMKH75RQFARX,Active Driving Assistant,1000
ZSHOVJ3ZWLP1YIRW2,Integral Active Steering,1150
ZSHOVJ3ZWLP1YIRW2,Bowers & Wilkins Diamond Surround Sound System,4200
ZSHOVJ3ZWLP1YIRW2,Rear-seat entertainment Professional,2200
ZSHOVJ3ZWLP1YIRW2,M Sport Brakes,650
ZSHOVJ3ZWLP1YIRW2,Active Cruise Control,1200
ZSHOVJ3ZWLP1YIRW2,Night Vision with Pedestrian Detection,2300
H58B4824JALNEBB3H,Panoramic Moonroof,1350
H58B4824JALNEBB3H,Harman Kardon surround sound system,875
H58B4824JALNEBB3H,Dynamic Damper Control,1000
H58B4824JALNEBB3H,Active Cruise Control,1200
AOWIKN9FYUVUNX9OB,Remote Engine Start,300
AOWIKN9FYUVUNX9OB,Harman Kardon surround sound system,875
AOWIKN9FYUVUNX9OB,Active Cruise Control,1200
8VZO0CNMNBW4IJAFH,Remote Engine Start,300
8VZO0CNMNBW4IJAFH,Harman Kardon surround sound system,875
8VZO0CNMNBW4IJAFH,Active Cruise Control,1200
X2VN773DJXHCKZTON,Integral Active Steering,1150
X2VN773DJXHCKZTON,Bowers & Wilkins Diamond Surround Sound System,3400
X2VN773DJXHCKZTON,Rear-seat entertainment Professional,2700
X2VN773DJXHCKZTON,M Sport Brakes,650
X2VN773DJXHCKZTON,Night Vision with Pedestrian Detection,2300
ZQUY7WX6KLBX0ZCIR,Harman Kardon surround sound system,875
ZQUY7WX6KLBX0ZCIR,Adaptive M Suspension,700
ZQUY7WX6KLBX0ZCIR,Active Cruise Control,1200
R8QBYZHZ7SV682Y8A,Panoramic Moonroof,1350
R8QBYZHZ7SV682Y8A,Harman Kardon surround sound system,875
R8QBYZHZ7SV682Y8A,Dynamic Damper Control,1000
R8QBYZHZ7SV682Y8A,Active Cruise Control,1200
EU50UDN1D51HAZ4W7,Integral Active Steering,1150
EU50UDN1D51HAZ4W7,Bowers & Wilkins Diamond Surround Sound System,3400
EU50UDN1D51HAZ4W7,Rear-seat entertainment Professional,2700
EU50UDN1D51HAZ4W7,M Sport Brakes,650
EU50UDN1D51HAZ4W7,Night Vision with Pedestrian Detection,2300
0NYN9JQORM0FKSIB5,BMW Laserlight,6300
N901FQP3RA7OX66E0,Bowers & Wilkins Diamond Surround Sound System,3400
N901FQP3RA7OX66E0,Rear-seat entertainment Professional,2700
N901FQP3RA7OX66E0,Night Vision with Pedestrian Detection,2300
79HSRTJ06J9F20RHT,Integral Active Steering,1150
79HSRTJ06J9F20RHT,Bowers & Wilkins Diamond Surround Sound System,3400
79HSRTJ06J9F20RHT,Rear-seat entertainment Professional,2700
79HSRTJ06J9F20RHT,M Sport Brakes,650
79HSRTJ06J9F20RHT,Night Vision with Pedestrian Detection,2300
PDYFYK75GTISRMHAZ,Moonroof,1000
PDYFYK75GTISRMHAZ,Harman Kardon surround sound system,800
R8ZTOZ5KYAQLH6ZHV,Harman Kardon surround sound system,875
R8ZTOZ5KYAQLH6ZHV,Active Cruise Control,1200
B48SFYD3XHDWYRB6P,Integral Active Steering,1150
B48SFYD3XHDWYRB6P,Bowers & Wilkins Diamond Surround Sound System,3400
B48SFYD3XHDWYRB6P,Rear-seat entertainment Professional,2700
B48SFYD3XHDWYRB6P,M Sport Brakes,650
B48SFYD3XHDWYRB6P,Night Vision with Pedestrian Detection,2300
DM99SGFG7EXNEF9SW,Moonroof,1050
DM99SGFG7EXNEF9SW,M Double-clutch Transmission with Drivelogic,1290
DM99SGFG7EXNEF9SW,M Drivers Package,2500
L416UBQHW778R7AQL,M Carbon Ceramic Brakes,8150
L416UBQHW778R7AQL,M Drivers Package,2500
L416UBQHW778R7AQL,Bowers & Wilkins Diamond Surround Sound System,3400
L416UBQHW778R7AQL,Rear-seat entertainment Professional,2200
L416UBQHW778R7AQL,Night Vision with Pedestrian Detection,2300
PKVJDKI2TNU0NO66E,Sport Seats,400
PKVJDKI2TNU0NO66E,Harman Kardon surround sound system,875
PKVJDKI2TNU0NO66E,M Sport Suspension,400
PKVJDKI2TNU0NO66E,Active Driving Assistant,1000
N3GP0V79MU22Y7I04,M Carbon Ceramic Brakes,8150
N3GP0V79MU22Y7I04,M Drivers Package,2500
N3GP0V79MU22Y7I04,Bowers & Wilkins Diamond Surround Sound System,3400
N3GP0V79MU22Y7I04,Rear-seat entertainment Professional,2200
N3GP0V79MU22Y7I04,Night Vision with Pedestrian Detection,2300
Q22Q5IVN84N052DE1,Remote Engine Start,300
Q22Q5IVN84N052DE1,Integral Active Steering,1150
Q22Q5IVN84N052DE1,2-axle air suspension,1000
Q22Q5IVN84N052DE1,Bowers & Wilkins Diamond Surround Sound System,3400
Q22Q5IVN84N052DE1,Active Cruise Control,800
Q22Q5IVN84N052DE1,Night Vision with Pedestrian Detection,2300
KQ4Y2G2T8Q1HZCK0S,Harman Kardon surround sound system,875
KQ4Y2G2T8Q1HZCK0S,Active Cruise Control,1200
SAZXNDDMDXRYGTKB1,Integral Active Steering,1150
SAZXNDDMDXRYGTKB1,Bowers & Wilkins Diamond Surround Sound System,3400
SAZXNDDMDXRYGTKB1,Rear-seat entertainment Professional,2700
SAZXNDDMDXRYGTKB1,M Sport Brakes,650
SAZXNDDMDXRYGTKB1,Night Vision with Pedestrian Detection,2300
3NHLXS1PEE6J228OC,Panoramic Moonroof,1350
3NHLXS1PEE6J228OC,Harman Kardon surround sound system,875
3NHLXS1PEE6J228OC,Dynamic Damper Control,1000
3NHLXS1PEE6J228OC,Active Cruise Control,1200
4T8CT3N5FORO4J14M,Bowers & Wilkins Diamond Surround Sound System,3400
4T8CT3N5FORO4J14M,Rear-seat entertainment Professional,2700
4T8CT3N5FORO4J14M,Night Vision with Pedestrian Detection,2300
IYLM9PMX15AERRK8V,Sport Seats,400
IYLM9PMX15AERRK8V,Harman Kardon surround sound system,875
IYLM9PMX15AERRK8V,M Sport Suspension,400
IYLM9PMX15AERRK8V,Active Driving Assistant,1000
1HFUZ9CVWVCHBG0CE,Moonroof,1050
1HFUZ9CVWVCHBG0CE,M Double-clutch Transmission with Drivelogic,1290
1HFUZ9CVWVCHBG0CE,M Drivers Package,2500
1AFKDWIC7H7OAFG0G,Moonroof,1000
1AFKDWIC7H7OAFG0G,Harman Kardon surround sound system,800
OUB1LJEH23Q8B71QK,Bowers & Wilkins Diamond Surround Sound System,3400
OUB1LJEH23Q8B71QK,Rear-seat entertainment Professional,2700
OUB1LJEH23Q8B71QK,Night Vision with Pedestrian Detection,2300
CXDY8EI5KHIPCUF6F,Harman Kardon surround sound system,875
CXDY8EI5KHIPCUF6F,Dynamic Damper Control,1000
CXDY8EI5KHIPCUF6F,Active Cruise Control,1200
7K7SWJEF8NX3PI1EL,M Carbon Ceramic Brakes,8150
7K7SWJEF8NX3PI1EL,M Drivers Package,2500
6AUOFP0FD6TJNZ5T8,Remote Engine Start,300
6AUOFP0FD6TJNZ5T8,Harman Kardon surround sound system,875
6AUOFP0FD6TJNZ5T8,Active Cruise Control,1200
3D2E1G7Z77CI83ZYP,BMW Laserlight,6300
4VQZA95A8QL8A56IB,Panoramic Moonroof,1350
4VQZA95A8QL8A56IB,Harman Kardon surround sound system,875
4VQZA95A8QL8A56IB,Dynamic Damper Control,1000
4VQZA95A8QL8A56IB,Active Cruise Control,1200
V7AAWIL1SWMCHPASA,Bang & Olufsen Sound System,3700
V7AAWIL1SWMCHPASA,Night Vision with Pedestrian Detection,2300
P7PPJWK95GLGNQSW8,Moonroof,1050
P7PPJWK95GLGNQSW8,M Double-clutch Transmission with Drivelogic,1290
P7PPJWK95GLGNQSW8,M Drivers Package,2500
8BSSHH9D3MCS0YQW4,Panoramic Moonroof,1350
8BSSHH9D3MCS0YQW4,Harman Kardon surround sound system,875
8BSSHH9D3MCS0YQW4,Dynamic Damper Control,1000
8BSSHH9D3MCS0YQW4,Active Cruise Control,1200
U3SXCAJOCD7657G5Y,Integral Active Steering,1150
U3SXCAJOCD7657G5Y,Bowers & Wilkins Diamond Surround Sound System,4200
U3SXCAJOCD7657G5Y,Rear-seat entertainment Professional,2200
U3SXCAJOCD7657G5Y,M Sport Brakes,650
U3SXCAJOCD7657G5Y,Active Cruise Control,1200
U3SXCAJOCD7657G5Y,Night Vision with Pedestrian Detection,2300
CJV2JKXBW65YO9RLO,Harman Kardon surround sound system,875
CJV2JKXBW65YO9RLO,Adaptive M Suspension,700
CJV2JKXBW65YO9RLO,Active Cruise Control,1200
DPARI70KK5VC0AU0E,Integral Active Steering,1150
DPARI70KK5VC0AU0E,Bowers & Wilkins Diamond Surround Sound System,3400
DPARI70KK5VC0AU0E,Rear-seat entertainment Professional,2700
DPARI70KK5VC0AU0E,M Sport Brakes,650
DPARI70KK5VC0AU0E,Night Vision with Pedestrian Detection,2300
Y4NB1VGTP9GEOKEK6,Integral Active Steering,1150
Y4NB1VGTP9GEOKEK6,Bowers & Wilkins Diamond Surround Sound System,3400
Y4NB1VGTP9GEOKEK6,Rear-seat entertainment Professional,2700
Y4NB1VGTP9GEOKEK6,M Sport Brakes,650
Y4NB1VGTP9GEOKEK6,Night Vision with Pedestrian Detection,2300
VPVH6Q65FFIZZ2Z6Z,M Drivers Package,2500
UJYY6GIJJFZ4RLZR7,Bowers & Wilkins Diamond Surround Sound System,3400
UJYY6GIJJFZ4RLZR7,Rear-seat entertainment Professional,2700
UJYY6GIJJFZ4RLZR7,Night Vision with Pedestrian Detection,2300
MDXI5OYFY3RBGY3KW,Multi-contour seats,1300
MDXI5OYFY3RBGY3KW,Rear-seat entertainment Professional,2200
MDXI5OYFY3RBGY3KW,Bang & Olufsen Sound System,4500
MDXI5OYFY3RBGY3KW,Dynamic Damper Control + rear axle air suspension,1500
MDXI5OYFY3RBGY3KW,Night Vision with Pedestrian Detection,2300
ZMSXTF0EDVERQU1UO,Bowers & Wilkins Diamond Surround Sound System,3400
ZMSXTF0EDVERQU1UO,Rear-seat entertainment Professional,2700
ZMSXTF0EDVERQU1UO,Night Vision with Pedestrian Detection,2300
BDYNS4K4O6PTPSZVS,BMW Laserlight,6300
DYW6GAQCUU8WNKQ79,M Carbon Ceramic Brakes,8150
DYW6GAQCUU8WNKQ79,M Drivers Package,2500
DYW6GAQCUU8WNKQ79,Bowers & Wilkins Diamond Surround Sound System,3400
DYW6GAQCUU8WNKQ79,Rear-seat entertainment Professional,2200
DYW6GAQCUU8WNKQ79,Night Vision with Pedestrian Detection,2300
X8DYVGYDR2CQCB599,Panoramic Moonroof,1350
X8DYVGYDR2CQCB599,Harman Kardon surround sound system,875
X8DYVGYDR2CQCB599,Dynamic Damper Control,1000
X8DYVGYDR2CQCB599,Active Cruise Control,1200
WK6DW59TLIUW4P6K8,Bowers & Wilkins Diamond Surround Sound System,3400
WK6DW59TLIUW4P6K8,Rear-seat entertainment Professional,2700
WK6DW59TLIUW4P6K8,Night Vision with Pedestrian Detection,2300
LPK1IP06LOJZ80T9K,M Carbon Ceramic Brakes,8150
LPK1IP06LOJZ80T9K,M Drivers Package,2500
PZJCB87IR5IMBTE9A,Panoramic Moonroof,1350
PZJCB87IR5IMBTE9A,Harman Kardon surround sound system,875
PZJCB87IR5IMBTE9A,Dynamic Damper Control,500
PZJCB87IR5IMBTE9A,Active Driving Assistant,1000
9TYII8D55UXYQ1T1X,Harman Kardon surround sound system,875
9TYII8D55UXYQ1T1X,Active Cruise Control,1200
PLIJ3JI3LEEWXEYLF,Panoramic Moonroof,1350
PLIJ3JI3LEEWXEYLF,Harman Kardon surround sound system,875
PLIJ3JI3LEEWXEYLF,Dynamic Damper Control,1000
PLIJ3JI3LEEWXEYLF,Active Cruise Control,1200
D24VW7MCH7UEXK3BI,Harman Kardon surround sound system,875
D24VW7MCH7UEXK3BI,Active Cruise Control,1200
K7E4SX1E67J1HJ88V,Integral Active Steering,1150
K7E4SX1E67J1HJ88V,Bowers & Wilkins Diamond Surround Sound System,3400
K7E4SX1E67J1HJ88V,Rear-seat entertainment Professional,2700
K7E4SX1E67J1HJ88V,M Sport Brakes,650
K7E4SX1E67J1HJ88V,Night Vision with Pedestrian Detection,2300
4M0P26VBGQYCNRU7S,Integral Active Steering,1150
4M0P26VBGQYCNRU7S,Bowers & Wilkins Diamond Surround Sound System,3400
4M0P26VBGQYCNRU7S,Rear-seat entertainment Professional,2700
4M0P26VBGQYCNRU7S,M Sport Brakes,650
4M0P26VBGQYCNRU7S,Night Vision with Pedestrian Detection,2300
RL7BQXT1W9RA6TSNP,Bowers & Wilkins Diamond Surround Sound System,3400
RL7BQXT1W9RA6TSNP,Rear-seat entertainment Professional,2700
RL7BQXT1W9RA6TSNP,Night Vision with Pedestrian Detection,2300
DB1L9GDSBY16RDMIJ,BMW Laserlight,6300
XYF6YON7N5R2IVE1G,Panoramic Moonroof,1350
XYF6YON7N5R2IVE1G,Harman Kardon surround sound system,875
XYF6YON7N5R2IVE1G,Dynamic Damper Control,500
XYF6YON7N5R2IVE1G,Active Driving Assistant,1000
58Y7JSZDG33QPOE89,Bowers & Wilkins Diamond Surround Sound System,3400
58Y7JSZDG33QPOE89,Rear-seat entertainment Professional,2700
58Y7JSZDG33QPOE89,Night Vision with Pedestrian Detection,2300
67RKMU53F6WPLD267,M Carbon Ceramic Brakes,8150
67RKMU53F6WPLD267,M Drivers Package,2500
67RKMU53F6WPLD267,Bowers & Wilkins Diamond Surround Sound System,3400
67RKMU53F6WPLD267,Rear-seat entertainment Professional,2200
67RKMU53F6WPLD267,Night Vision with Pedestrian Detection,2300
OK4OZ6GQPFBTPGS6N,Bowers & Wilkins Diamond Surround Sound System,3400
OK4OZ6GQPFBTPGS6N,Rear-seat entertainment Professional,2700
OK4OZ6GQPFBTPGS6N,Night Vision with Pedestrian Detection,2300
R7XDAMTQREHEM5QDT,Active Cruise Control,1200
LA54LS34EQIHR9MF4,BMW Laserlight,6300
43FLP7RXDHPNG1D57,M Carbon Ceramic Brakes,8150
43FLP7RXDHPNG1D57,M Drivers Package,2500
T40RJ40GVAYF5CRW4,Panoramic Moonroof,1350
T40RJ40GVAYF5CRW4,Rear Spoiler,150
T40RJ40GVAYF5CRW4,Harman Kardon surround sound system,875
T40RJ40GVAYF5CRW4,M Sport Suspension,400
T40RJ40GVAYF5CRW4,Active Driving Assistant,1000
F8G63WBA5GV6SYFZD,Bowers & Wilkins Diamond Surround Sound System,3400
F8G63WBA5GV6SYFZD,Rear-seat entertainment Professional,2700
F8G63WBA5GV6SYFZD,Night Vision with Pedestrian Detection,2300
72103ENBWDVOEIN5R,Remote Engine Start,300
72103ENBWDVOEIN5R,Integral Active Steering,1150
72103ENBWDVOEIN5R,Bowers & Wilkins Diamond Surround Sound System,3400
72103ENBWDVOEIN5R,Rear-seat entertainment Professional,2200
72103ENBWDVOEIN5R,M Sport Brakes,650
H3IIPBDC8TGWEZ51M,Bowers & Wilkins Diamond Surround Sound System,3400
H3IIPBDC8TGWEZ51M,Rear-seat entertainment Professional,2700
H3IIPBDC8TGWEZ51M,Night Vision with Pedestrian Detection,2300
1RBPMHOLH1N0M00ZN,Remote Engine Start,300
1RBPMHOLH1N0M00ZN,Active Cruise Control,1200
ATPBMUZD8OS73NAZN,Bowers & Wilkins Diamond Surround Sound System,3400
ATPBMUZD8OS73NAZN,Rear-seat entertainment Professional,2200
ATPBMUZD8OS73NAZN,Active Cruise Control,1200
ATPBMUZD8OS73NAZN,Night Vision with Pedestrian Detection,2300
F6GKHBA17T6ZXVGRH,Bowers & Wilkins Diamond Surround Sound System,3400
F6GKHBA17T6ZXVGRH,Rear-seat entertainment Professional,2700
F6GKHBA17T6ZXVGRH,Night Vision with Pedestrian Detection,2300
L6TUUO4ZJIKACODF5,BMW Laserlight,6300
EP7KBJ8YJS6G7OEXO,M Carbon Ceramic Brakes,8150
EP7KBJ8YJS6G7OEXO,M Drivers Package,2500
2NJ8EGOTHORI9T93I,M Carbon Ceramic Brakes,8150
2NJ8EGOTHORI9T93I,M Drivers Package,2500
2NJ8EGOTHORI9T93I,Bowers & Wilkins Diamond Surround Sound System,3400
2NJ8EGOTHORI9T93I,Rear-seat entertainment Professional,2200
2NJ8EGOTHORI9T93I,Night Vision with Pedestrian Detection,2300
P8M4ASJJCBDVBPHD7,Integral Active Steering,1150
P8M4ASJJCBDVBPHD7,Bowers & Wilkins Diamond Surround Sound System,4200
P8M4ASJJCBDVBPHD7,Rear-seat entertainment Professional,2200
P8M4ASJJCBDVBPHD7,M Sport Brakes,650
P8M4ASJJCBDVBPHD7,Active Cruise Control,1200
P8M4ASJJCBDVBPHD7,Night Vision with Pedestrian Detection,2300
2LJLBGA80H0AJ6596,M Carbon Ceramic Brakes,8150
2LJLBGA80H0AJ6596,M Drivers Package,2500
2LJLBGA80H0AJ6596,Night Vision with Pedestrian Detection,2300
CRZLF2XXTMF4351EI,Sport Seats,400
CRZLF2XXTMF4351EI,Harman Kardon surround sound system,875
CRZLF2XXTMF4351EI,M Sport Suspension,400
CRZLF2XXTMF4351EI,Active Driving Assistant,1000
VUJASHLCNEWMM690Q,Bowers & Wilkins Diamond Surround Sound System,3400
VUJASHLCNEWMM690Q,Rear-seat entertainment Professional,2700
VUJASHLCNEWMM690Q,Night Vision with Pedestrian Detection,2300
FI2F6YR1F43WZKB5T,M Carbon Roof,3000
FI2F6YR1F43WZKB5T,Bowers & Wilkins Diamond Surround Sound System,3400
FI2F6YR1F43WZKB5T,Night Vision with Pedestrian Detection,2300
KODU56L6I7SWKOGLT,Bowers & Wilkins Diamond Surround Sound System,3400
KODU56L6I7SWKOGLT,Rear-seat entertainment Professional,2700
KODU56L6I7SWKOGLT,Night Vision with Pedestrian Detection,2300
U68AH8QS0LS75WDDY,Bang & Olufsen Sound System,3700
U68AH8QS0LS75WDDY,Night Vision with Pedestrian Detection,2300
3ZQEXV9J94Z4MO2L1,BMW Laserlight,6300
GXXOPGNZAKUSRYGQQ,Bang & Olufsen Sound System,3700
GXXOPGNZAKUSRYGQQ,Night Vision with Pedestrian Detection,2300
ICW858ZG0MSTKTMMU,M Carbon Ceramic Brakes,8150
ICW858ZG0MSTKTMMU,M Drivers Package,2500
J05SDD85S3OYY54SM,Panoramic Moonroof,1350
J05SDD85S3OYY54SM,Harman Kardon surround sound system,875
J05SDD85S3OYY54SM,Dynamic Damper Control,1000
J05SDD85S3OYY54SM,Active Cruise Control,1200
R5A7SHJ95YRVSKZRO,Bowers & Wilkins Diamond Surround Sound System,3400
R5A7SHJ95YRVSKZRO,Rear-seat entertainment Professional,2700
R5A7SHJ95YRVSKZRO,Night Vision with Pedestrian Detection,2300
TIR6RBG5SEVO3ML5Z,Sport Seats,400
TIR6RBG5SEVO3ML5Z,Harman Kardon surround sound system,875
TIR6RBG5SEVO3ML5Z,M Sport Suspension,400
TIR6RBG5SEVO3ML5Z,Active Driving Assistant,1000
MUPMYS7588X659L2S,Harman Kardon surround sound system,875
MUPMYS7588X659L2S,Adaptive M Suspension,700
MUPMYS7588X659L2S,Active Cruise Control,1200
UH4TUK28T0OFHM6V2,Bowers & Wilkins Diamond Surround Sound System,3400
UH4TUK28T0OFHM6V2,Rear-seat entertainment Professional,2700
UH4TUK28T0OFHM6V2,Night Vision with Pedestrian Detection,2300
FR1IR7NH7YZR6HZGQ,BMW Laserlight,6300
71NXHWPFE1DBJF3IY,Integral Active Steering,1150
71NXHWPFE1DBJF3IY,Bowers & Wilkins Diamond Surround Sound System,3400
71NXHWPFE1DBJF3IY,Rear-seat entertainment Professional,2700
71NXHWPFE1DBJF3IY,M Sport Brakes,650
71NXHWPFE1DBJF3IY,Night Vision with Pedestrian Detection,2300
JO4DPVPJM60PTLZQK,Integral Active Steering,1150
JO4DPVPJM60PTLZQK,Bowers & Wilkins Diamond Surround Sound System,3400
JO4DPVPJM60PTLZQK,Rear-seat entertainment Professional,2700
JO4DPVPJM60PTLZQK,M Sport Brakes,650
JO4DPVPJM60PTLZQK,Night Vision with Pedestrian Detection,2300
XBDLF1SNNJSNH9W02,M Carbon Ceramic Brakes,8150
XBDLF1SNNJSNH9W02,M Drivers Package,2500
XBDLF1SNNJSNH9W02,Night Vision with Pedestrian Detection,2300
QQXXLQJ8EE9PKST5S,Bowers & Wilkins Diamond Surround Sound System,3400
QQXXLQJ8EE9PKST5S,Rear-seat entertainment Professional,2700
QQXXLQJ8EE9PKST5S,Night Vision with Pedestrian Detection,2300
HMRW7D8UUNA84S2E7,Moonroof,1050
HMRW7D8UUNA84S2E7,M Double-clutch Transmission with Drivelogic,1290
HMRW7D8UUNA84S2E7,M Drivers Package,2500
ZPMN5VCAAUPF69GQK,Integral Active Steering,1150
ZPMN5VCAAUPF69GQK,Bowers & Wilkins Diamond Surround Sound System,3400
ZPMN5VCAAUPF69GQK,Rear-seat entertainment Professional,2700
ZPMN5VCAAUPF69GQK,M Sport Brakes,650
ZPMN5VCAAUPF69GQK,Night Vision with Pedestrian Detection,2300
7FYQAZLSYP4V0AJVJ,Moonroof,1000
7FYQAZLSYP4V0AJVJ,Harman Kardon surround sound system,800
JC8XM9XCP95X8BUK1,Moonroof,1050
JC8XM9XCP95X8BUK1,M Double-clutch Transmission with Drivelogic,1290
JC8XM9XCP95X8BUK1,M Drivers Package,2500
1A3FG0VC73YKGTMKR,M Carbon Ceramic Brakes,8150
1A3FG0VC73YKGTMKR,M Drivers Package,2500
25W94EN2R4U1A06U9,M Carbon Ceramic Brakes,8150
25W94EN2R4U1A06U9,M Drivers Package,2500
YIOFHZF1K8VFXBHNO,M Carbon Ceramic Brakes,8150
YIOFHZF1K8VFXBHNO,M Drivers Package,2500
VCUFSOM64U1WCO7NL,M Carbon Ceramic Brakes,8150
VCUFSOM64U1WCO7NL,M Drivers Package,2500
CP2TYBAC7RNMXWPGS,Bowers & Wilkins Diamond Surround Sound System,3400
CP2TYBAC7RNMXWPGS,Rear-seat entertainment Professional,2700
CP2TYBAC7RNMXWPGS,Night Vision with Pedestrian Detection,2300
XM13XRIU6FM5YOKVT,Bowers & Wilkins Diamond Surround Sound System,3400
XM13XRIU6FM5YOKVT,Rear-seat entertainment Professional,2700
XM13XRIU6FM5YOKVT,Night Vision with Pedestrian Detection,2300
